#   Name      PCG #        mu       mu_err     M         m        sigma      v_cmb        v_2mpp    v_2mrs   v_2mpp_6df_sdss
    U12889         2     34.1907    0.2161  -22.3006   11.8900    0.2158     4723.02      4799      4846      4817
       P12        12     35.0389    0.3008  -21.4489   13.5900    0.3006     6188.99      6425      6393      6374
       P16        16     34.6721    0.3573  -20.6821   13.9900    0.3572     5307.29      5440      5411      5416
    U12898        55     34.4316    0.5169  -18.2316   16.2000    0.5168     4450.44      4368      4439      4430
       P68        68     34.5120    0.4354  -19.4820   15.0300    0.4352     7331.47      7511      7458      7467
    U12900        70     35.2060    0.2822  -21.6660   13.5400    0.2820     6440.45      6741      6714      6703
    U12901        76     34.8113    0.2896  -21.5813   13.2300    0.2895     6576.90      6828      6847      6800
    U12905        94     34.2062    0.5081  -18.3662   15.8400    0.5080     3993.98      4347      4334      4313
      P102       102     34.4890    0.2828  -21.6590   12.8300    0.2827     4722.03      4902      4757      4894
    U12913       124     34.8074    0.4279  -19.5974   15.2100    0.4277     5982.26      6293      6242      6238
    U12916       146     34.3268    0.4761  -18.8568   15.4700    0.4760     5997.71      6294      6264      6258
      P155       155     34.1269    0.4598  -19.1069   15.0200    0.4597     7574.38      7795      7817      7769
    U12920       165     34.7914    0.4016  -20.0014   14.7900    0.4015     7272.64      7602      7569      7562
      P176       176     34.8790    0.2828  -21.6590   13.2200    0.2827     6103.33      6339      6312      6290
      P179       179     34.0041    0.3897  -20.1841   13.8200    0.3896     5170.00      5449      5331      5395
    U00003       186     35.2556    0.2368  -22.1256   13.1300    0.2366     7531.77      7803      7804      7769
    U00004       201     35.1702    0.3250  -21.1402   14.0300    0.3248     8258.74      8445      8449      8422
    U00005       205     34.6927    0.2447  -22.0527   12.6400    0.2445     6902.56      7233      7195      7178
      P212       212     35.7461    0.1599  -22.6661   13.0800    0.1596    10860.60     10923     10949     10933
    U00014       250     34.2393    0.3088  -21.3493   12.8900    0.3087     6910.45      7179      7168      7149
      P259       259     34.6648    0.4072  -19.9148   14.7500    0.4071     6043.74      6407      6348      6354
      P293       293     35.2324    0.2921  -21.5524   13.6800    0.2919     6949.43      7157      7122      7109
    U00024       298     33.4530    0.4698  -18.9530   14.5000    0.4697     4099.86      4077      4111      4112
     N7819       303     33.5169    0.3779  -20.3669   13.1500    0.3777     4640.55      4821      4676      4813
      P312       312     33.3046    0.3598  -20.6446   12.6600    0.3596     3457.07      3568      3570      3550
      P329       329     34.0622    0.3866  -20.2322   13.8300    0.3865     6815.96      7148      7121      7093
     N7824       354     34.5424    0.2094  -22.3524   12.1900    0.2092     5787.02      6187      6100      6113
     N7821       367     34.7664    0.2240  -22.2364   12.5300    0.2237     7085.52      7293      7258      7245
    U00039       393     35.4802    0.2149  -22.3102   13.1700    0.2146     9267.41      9438      9519      9442
    U00040       415     35.1511    0.2717  -21.7811   13.3700    0.2716     7186.41      7516      7483      7476
    U00041       431     34.7878    0.4285  -19.5878   15.2000    0.4284     6260.79      6507      6521      6482
      P448       448     35.3101    0.3287  -21.0901   14.2200    0.3285     8755.62      9022      8852      8948
    U00045       461     34.2314    0.3854  -20.2514   13.9800    0.3852     5245.09      5712      5690      5655
      P462       462     34.5078    0.3318  -21.0478   13.4600    0.3316     7799.63      7906      7834      7873
      P465       465     35.8617    0.2631  -21.8717   13.9900    0.2629    11165.16     10978     10993     11044
    U00050       507     34.9389    0.2983  -21.4789   13.4600    0.2981     7210.89      7540      7508      7500
    U00051       511     34.3627    0.3579  -20.6727   13.6900    0.3578     5004.80      5186      5121      5154
    U00054       527     34.5528    0.5024  -18.4528   16.1000    0.5023     3949.13      3839      3958      3899
      P558       558     35.6524    0.2404  -22.0924   13.5600    0.2402     9829.47     10008      9960      9959
      P559       559     34.3348    0.4893  -18.6548   15.6800    0.4891     5048.11      5164      5153      5155
     N0002       567     35.1160    0.2822  -21.6660   13.4500    0.2820     7202.42      7532      7499      7492
     N7831       569     34.2093    0.2594  -21.9093   12.3000    0.2592     4757.42      4938      4792      4930
    U00066       613     34.6441    0.2779  -21.7141   12.9300    0.2777     6068.20      6440      6382      6380
    U00069       619     32.8268    0.4761  -18.8568   13.9700    0.4760     4299.66      4176      4266      4241
     N0010       634     34.4727    0.1735  -22.5927   11.8800    0.1732     6523.72      6495      6501      6486
    U00071       638     35.4029    0.4041  -19.9629   15.4400    0.4040     7920.55      8249      8317      8220
     N0011       642     34.2380    0.2625  -21.8780   12.3600    0.2623     4126.90      3970      4098      4045
    U00076       644     33.9628    0.5024  -18.4528   15.5100    0.5023     4232.84      4228      4218      4262
     N0013       650     33.9945    0.2724  -21.7745   12.2200    0.2722     4501.47      4492      4450      4546
      P657       657     35.5901    0.3424  -20.9001   14.6900    0.3422    10521.54     10404     10462     10441
    U00081       658     34.8368    0.2607  -21.8968   12.9400    0.2605     6325.69      6692      6654      6637
    U00085       676     33.7118    0.4022  -19.9917   13.7200    0.4021     4878.62      5191      5085      5149
     N0022       690     34.7244    0.2761  -21.7344   12.9900    0.2759     7977.80      8275      8293      8248
      P705       705     34.4766    0.4266  -19.6166   14.8600    0.4265     6501.42      6769      6801      6733
      P727       727     36.0745    0.2724  -21.7745   14.3000    0.2722    11104.12     11068     11043     11102
    U00095       731     35.3245    0.2724  -21.7745   13.5500    0.2722     6719.11      6987      7018      6951
     N0027       742     34.5590    0.2828  -21.6590   12.9000    0.2827     6682.21      6950      6982      6914
      P743       743     35.2021    0.3337  -21.0221   14.1800    0.3335     7807.50      8084      8060      8030
    U00101       772     35.7354    0.2466  -22.0354   13.7000    0.2463     9905.19     10210     10284     10177
      P789       789     35.1524    0.2094  -22.3524   12.8000    0.2092     7576.51      7578      7526      7563
     N0036       798     34.0937    0.2478  -22.0237   12.0700    0.2476     5674.69      6061      5959      5991
      P817       817     35.3796    0.3660  -20.5496   14.8300    0.3659     7480.91      7522      7466      7502
    U00110       830     33.8022    0.4686  -18.9722   14.8300    0.4685     4169.79      4047      4136      4112
      P832       832     36.4437    0.3101  -21.3337   15.1100    0.3099    10395.94     10668     10762     10641
    U00111       833     34.0889    0.4304  -19.5589   14.5300    0.4302     5988.89      6398      6337      6336
      P835       835     35.1468    0.3529  -20.7468   14.4000    0.3528     7057.89      7457      7396      7395
    U00113       847     35.1635    0.2325  -22.1635   13.0000    0.2323     7293.71      7611      7599      7569
      P848       848     35.0593    0.4310  -19.5493   15.5100    0.4309     6819.88      7219      7157      7156
    U00116       859     35.0490    0.3368  -20.9790   14.0700    0.3366     8110.46      8313      8334      8289
     N0041       865     34.6389    0.3008  -21.4489   13.1900    0.3006     5602.38      5877      5821      5840
    U00117       869     33.6309    0.4172  -19.7609   13.8700    0.4171     4441.77      4289      4385      4369
    U00121       874     34.3918    0.4022  -19.9917   14.4000    0.4021     4699.61      4881      4793      4876
      P897       897     33.4588    0.3648  -20.5688   12.8900    0.3646     4654.52      4712      4727      4722
      P902       902     34.3016    0.3380  -20.9616   13.3400    0.3379     5050.73      5068      5097      5071
      P906       906     34.7192    0.3654  -20.5592   14.1600    0.3653     4953.31      5209      5161      5184
      P908       908     35.1831    0.2601  -21.9031   13.2800    0.2599     6799.19      7199      7152      7136
    U00127       912     34.6982    0.4949  -18.5682   16.1300    0.4948     4346.54      4223      4313      4288
    U00135       937     34.5418    0.4679  -18.9818   15.5600    0.4678     5475.11      5861      5759      5792
    U00139       963     33.9438    0.3729  -20.4438   13.5000    0.3727     3610.98      3658      3687      3657
      P997       997     36.5754    0.1907  -22.4854   14.0900    0.1905    16640.46     16822     16722     16808
     N0054      1011     33.9689    0.2983  -21.4789   12.4900    0.2981     4989.43      5006      5036      5009
     P1022      1022     34.8266    0.3405  -20.9266   13.9000    0.3403     7423.53      7702      7697      7650
    U00148      1051     33.1053    0.3754  -20.4053   12.7000    0.3752     3843.04      3777      3853      3816
    U00149      1056     34.2664    0.3935  -20.1264   14.1400    0.3933     5114.86      5449      5309      5388
    U00152      1089     34.4400    0.4485  -19.2800   15.1600    0.4484     4544.05      4488      4487      4544
    U00155      1106     33.5910    0.3039  -21.4110   12.1800    0.3037     3634.43      3609      3655      3631
     P1109      1109     32.6767    0.4103  -19.8667   12.8100    0.4102     3591.12      3654      3657      3649
    U00158      1123     34.5284    0.3542  -20.7284   13.8000    0.3540     4760.07      4942      4853      4936
    U00163      1139     34.7789    0.4304  -19.5589   15.2200    0.4302     5318.71      5601      5469      5538
     N0064      1149     34.7978    0.2576  -21.9278   12.8700    0.2574     6953.81      7252      7244      7204
     P1152      1152     34.3489    0.4304  -19.5589   14.7900    0.4302     5643.24      5958      5850      5884
    U00166      1154     33.8063    0.4097  -19.8763   13.9300    0.4096     4512.22      4456      4455      4512
    U00165      1158     34.1183    0.3641  -20.5783   13.5400    0.3640     5709.92      6010      5977      5973
     P1170      1170     34.2188    0.3810  -20.3188   13.9000    0.3809     5455.14      5793      5730      5748
     P1172      1172     35.0512    0.2736  -21.7612   13.2900    0.2734     8704.80      8657      8615      8634
     P1176      1176     34.5511    0.3685  -20.5111   14.0400    0.3684     6730.65      6731      6690      6711
    U00171      1198     33.8522    0.3187  -21.2222   12.6300    0.3186     4986.83      5419      5305      5355
    U00179      1231     34.3385    0.4297  -19.5685   14.7700    0.4296     4128.11      4043      4107      4093
     P1248      1248     35.0760    0.3523  -20.7560   14.3200    0.3522     6738.19      7029      6994      6973
     P1258      1258     33.5499    0.4648  -19.0299   14.5200    0.4647     5088.96      5289      5220      5262
     P1273      1273     34.9240    0.4060  -19.9340   14.9900    0.4058     4894.02      4995      4978      4997
     P1276      1276     34.9751    0.2841  -21.6451   13.3300    0.2839     5477.45      5815      5752      5770
    U00187      1285     34.3092    0.3324  -21.0392   13.2700    0.3323     5092.31      5347      5231      5294
    U00188      1286     35.3080    0.4617  -19.0780   16.2300    0.4616     7471.27      7773      7772      7735
     P1288      1288     33.8780    0.3797  -20.3380   13.5400    0.3796     3363.36      3421      3449      3413
     P1301      1301     34.3399    0.3829  -20.2899   14.0500    0.3827     5374.06      5769      5596      5688
    U00196      1315     33.8552    0.3517  -20.7652   13.0900    0.3515     4875.31      5188      5081      5145
     P1325      1325     34.7664    0.2527  -21.9764   12.7900    0.2525     7367.34      7539      7460      7492
     P1347      1347     36.0185    0.3144  -21.2785   14.7400    0.3142    11320.79     11559     11674     11539
     P1361      1361     33.8367    0.4924  -18.6067   15.2300    0.4923     6459.79      6776      6801      6733
     P1362      1362     34.3152    0.3517  -20.7652   13.5500    0.3515     5394.02      5650      5573      5621
     N0085      1382     34.5647    0.3305  -21.0647   13.5000    0.3304     5459.05      5788      5697      5735
    U00207      1387     34.9523    0.3704  -20.4823   14.4700    0.3702     6692.16      7121      7084      7053
     P1404      1404     34.2652    0.3604  -20.6352   13.6300    0.3603     5922.55      6208      6127      6139
    U00210      1413     34.2766    0.4266  -19.6166   14.6600    0.4265     4149.91      4078      4097      4129
     P1414      1414     32.9228    0.4203  -19.7128   13.2100    0.4202     4853.77      5110      5062      5084
     P1419      1419     33.6077    0.4448  -19.3377   14.2700    0.4446     4002.96      4031      4027      4030
    U00211      1422     35.0130    0.4535  -19.2030   15.8100    0.4534     5313.65      5642      5551      5589
    U00215      1439     34.7677    0.2711  -21.7877   12.9800    0.2709     6756.11      7185      7148      7117
     P1460      1460     35.6590    0.3417  -20.9090   14.7500    0.3416     8865.01      9148      9179      9118
     P1461      1461     35.3093    0.3088  -21.3493   13.9600    0.3087     7190.15      7480      7495      7439
     P1472      1472     36.1293    0.2594  -21.9093   14.2200    0.2592    11838.41     12021     12138     12012
    U00219      1478     34.7417    0.4022  -19.9917   14.7500    0.4021     4888.22      5089      5012      5061
    U00229      1516     35.1195    0.3985  -20.0495   15.0700    0.3983     6881.91      7308      7253      7246
    U00228      1520     34.5743    0.3511  -20.7743   13.8000    0.3509     5365.41      5622      5544      5592
     P1524      1524     35.1010    0.4010  -20.0110   15.0900    0.4008     7034.16      7442      7392      7385
     M0944      1534     33.6289    0.4304  -19.5589   14.0700    0.4302     3967.55      3995      3991      3994
    U00232      1546     33.5992    0.3654  -20.5592   13.0400    0.3653     4540.01      4662      4503      4673
     P1547      1547     34.9115    0.3218  -21.1815   13.7300    0.3217     7829.14      8139      8093      8082
    U00234      1552     33.7833    0.4704  -18.9433   14.8400    0.4703     4337.91      4163      4227      4250
     P1553      1553     33.7772    0.3785  -20.3573   13.4200    0.3784     5019.87      5215      5122      5192
     P1564      1564     34.9444    0.3132  -21.2944   13.6500    0.3130     6992.63      7252      7213      7198
    U00238      1572     34.2538    0.3020  -21.4338   12.8200    0.3018     6473.10      6903      6890      6838
    U00243      1592     34.4974    0.1919  -22.4774   12.0200    0.1917     4796.08      5032      4924      5016
    U00244      1594     33.7304    0.4329  -19.5204   14.2100    0.4327     4210.36      4139      4157      4190
     N0107      1606     34.1844    0.4066  -19.9244   14.2600    0.4065     5956.33      6242      6161      6173
     P1609      1609     34.0310    0.3039  -21.4110   12.6200    0.3037     4977.29      5067      5038      5051
    U00247      1621     35.9768    0.3623  -20.6068   15.3700    0.3621    10827.18     10804     10824     10831
     P1634      1634     33.2734    0.3885  -20.2034   13.0700    0.3883     3637.65      3653      3669      3657
     N0112      1654     34.4003    0.3181  -21.2303   13.1700    0.3180     5968.34      6300      6334      6263
    U00256      1658     33.3884    0.3542  -20.7284   12.6600    0.3540     4911.12      5262      5157      5215
    U00272      1713     34.2608    0.4335  -19.5108   14.7500    0.4334     3554.94      3550      3602      3559
     N0124      1715     33.3168    0.3941  -20.1168   13.2000    0.3940     3716.36      3688      3714      3704
    U00275      1723     32.9634    0.4541  -19.1934   13.7700    0.4540     4050.75      4037      4062      4052
     P1726      1726     34.3498    0.3991  -20.0398   14.3100    0.3990     6752.38      7057      7033      7003
    U00279      1736     34.4984    0.2890  -21.5884   12.9100    0.2888     5980.71      6344      6368      6304
    U00277      1737     34.2598    0.4153  -19.7898   14.4700    0.4152     4014.57      4001      4026      4016
    U00278      1743     35.5645    0.3163  -21.2545   14.3100    0.3161     9254.27      9549      9577      9516
    U00281      1748     34.0941    0.4717  -18.9241   15.1700    0.4716     3937.08      3923      3949      3939
     P1751      1751     35.1978    0.3635  -20.5878   14.6100    0.3634     7293.81      7584      7568      7530
     M0340      1758     33.9169    0.4598  -19.1069   14.8100    0.4597     5768.97      6178      6188      6130
    U00294      1797     35.1616    0.4347  -19.4916   15.6700    0.4346     6024.64      6388      6412      6348
     P1817      1817     34.8234    0.3045  -21.4034   13.4200    0.3043     5247.65      5566      5437      5516
     P1833      1833     35.1907    0.3560  -20.7007   14.4900    0.3559     7036.32      7135      7086      7101
     P1841      1841     33.2287    0.3473  -20.8287   12.4000    0.3472     3178.91      3306      3302      3280
     N0132      1844     33.9344    0.2539  -21.9644   11.9700    0.2537     5037.03      5131      5094      5113
    U00303      1861     34.6382    0.4291  -19.5782   15.0600    0.4290     5316.41      5809      5725      5737
     P1879      1879     35.1641    0.3392  -20.9441   14.2200    0.3391     6987.50      7086      7037      7053
     P1886      1886     35.6169    0.2674  -21.8269   13.7900    0.2672     7470.71      7769      7733      7709
     P1903      1903     35.9210    0.2853  -21.6310   14.2900    0.2851    12262.12     12674     12481     12601
     P1905      1905     33.8384    0.3804  -20.3284   13.5100    0.3802     5433.91      5806      5641      5720
     P1908      1908     34.8327    0.2878  -21.6027   13.2300    0.2876     5776.75      6122      6009      6035
    U00310      1913     33.3159    0.4911  -18.6259   14.6900    0.4910     4324.65      4150      4214      4237
    U00312      1921     33.0462    0.4260  -19.6262   13.4200    0.4259     4007.42      3976      4010      3999
     P1926      1926     35.4607    0.3330  -21.0307   14.4300    0.3329     6778.54      6970      6935      6924
    U00314      1927     33.1949    0.4729  -18.9049   14.2900    0.4728     3915.57      3873      3920      3900
    U00316      1933     36.0074    0.2343  -22.1474   13.8600    0.2341    11091.08     11140     11139     11154
    U00319      1957     34.9200    0.3666  -20.5400   14.3800    0.3665     6032.73      6474      6487      6414
    U00321      1971     33.9202    0.4817  -18.7702   15.1500    0.4816     4334.18      4263      4281      4313
     P1979      1979     33.7992    0.3324  -21.0392   12.7600    0.3323     3711.14      3769      3748      3759
     P1982      1982     34.7225    0.3498  -20.7925   13.9300    0.3497     5792.92      6202      6212      6154
     P2001      2001     34.4714    0.3567  -20.6914   13.7800    0.3565     5845.86      6084      6014      6023
    U00327      2003     34.2721    0.4191  -19.7321   14.5400    0.4190     5046.21      5301      5176      5242
     P2021      2021     32.6175    0.4773  -18.8375   13.7800    0.4772     4246.97      4175      4194      4226
    U00329      2022     33.9313    0.4178  -19.7513   14.1800    0.4177     4039.78      3981      4016      4006
     P2023      2023     34.6695    0.3985  -20.0495   14.6200    0.3983     4842.18      4967      4844      4966
    U00338      2060     34.5830    0.3879  -20.2130   14.3700    0.3877     5513.34      6007      5922      5934
    U00342      2068     35.0823    0.3704  -20.4823   14.6000    0.3702     6092.53      6557      6485      6479
    U00345      2085     33.5569    0.5256  -18.0969   15.4600    0.5256     3849.62      3596      3780      3680
    U00344      2088     34.9991    0.3978  -20.0591   14.9400    0.3977     5482.40      5976      5891      5903
    U00346      2094     34.5434    0.3723  -20.4534   14.0900    0.3721     5587.21      5996      6006      5948
    U00347      2098     35.0569    0.4435  -19.3569   15.7000    0.4434     4821.25      5058      4949      5041
     P2113      2113     34.9443    0.3511  -20.7743   14.1700    0.3509     6643.97      7092      7064      7022
     N0167      2122     32.6904    0.4491  -19.2704   13.4200    0.4490     3542.70      3700      3657      3663
     P2133      2133     33.5472    0.3947  -20.1072   13.4400    0.3946     4697.90      4635      4696      4655
     P2134      2134     34.4630    0.1818  -22.5430   11.9200    0.1815     4978.77      5234      5108      5175
     N0166      2143     34.6521    0.3337  -21.0221   13.6300    0.3335     5674.55      5958      5867      5882
    U00355      2147     34.7832    0.2946  -21.5232   13.2600    0.2944     6047.02      6488      6501      6429
    U00357      2159     35.4988    0.3648  -20.5688   14.9300    0.3646     8938.91      9127      9168      9113
     P2160      2160     34.4083    0.3966  -20.0783   14.3300    0.3965     5064.86      5036      5081      5048
     P2169      2169     32.8160    0.4748  -18.8760   13.9400    0.4747     4543.45      4536      4424      4587
    U00364      2194     35.1165    0.2227  -22.2465   12.8700    0.2225     8592.78      8790      8846      8774
     P2199      2199     34.3984    0.3542  -20.7284   13.6700    0.3540     6902.08      7001      6952      6967
    U00371      2231     34.4792    0.3654  -20.5592   13.9200    0.3653     4967.37      5382      5075      5309
    U00379      2260     34.7094    0.4968  -18.5394   16.1700    0.4967     4876.43      4921      4898      4917
    U00376      2261     34.1633    0.4867  -18.6933   15.4700    0.4866     4517.72      4510      4398      4561
     P2266      2266     35.0956    0.2884  -21.5956   13.5000    0.2882     8129.73      8310      8352      8290
     N0180      2268     33.7577    0.2711  -21.7877   11.9700    0.2709     4952.11      5207      5082      5148
     N0182      2279     34.4906    0.2070  -22.3706   12.1200    0.2067     4924.44      4959      4937      4954
     P2280      2280     35.2199    0.3554  -20.7099   14.5100    0.3553    10663.52     10682     10668     10678
     P2294      2294     34.3328    0.4203  -19.7128   14.6200    0.4202     5328.65      5812      5740      5745
    U00388      2302     34.9072    0.3947  -20.1072   14.8000    0.3946     5104.47      5519      5212      5446
    U00393      2312     34.8444    0.3132  -21.2944   13.5500    0.3130     5115.46      5455      5312      5391
    U00394      2314     34.6548    0.4072  -19.9148   14.7400    0.4071     5304.56      5797      5713      5725
     P2316      2316     34.6505    0.4166  -19.7705   14.8800    0.4165     6912.88      7323      7290      7263
     P2342      2342     33.0876    0.4610  -19.0876   14.0000    0.4609     4905.89      4950      4928      4946
    U00409      2370     33.7441    0.4717  -18.9241   14.8200    0.4716     4850.49      4895      4872      4891
     N0187      2380     33.2365    0.3772  -20.3765   12.8600    0.3771     3613.26      3719      3696      3695
     P2383      2383     35.0580    0.4617  -19.0780   15.9800    0.4616     6190.18      6221      6200      6200
    U00416      2384     34.2178    0.4943  -18.5778   15.6400    0.4942     4408.31      4331      4375      4360
     N0200      2387     33.9279    0.2730  -21.7679   12.1600    0.2728     4808.33      4842      4821      4838
    U00418      2390     34.1302    0.3250  -21.1402   12.9900    0.3248     4090.14      4022      4060      4051
     P2412      2412     32.0661    0.5407  -17.8661   14.2000    0.5406     3578.44      3736      3692      3698
     P2449      2449     33.9337    0.4053  -19.9437   13.9900    0.4052     5013.90      5287      5123      5218
    U00433      2458     34.0211    0.2964  -21.5011   12.5200    0.2963     4337.11      4162      4226      4249
     N0214      2479     33.5655    0.2588  -21.9155   11.6500    0.2586     4224.88      3960      4117      4046
     P2483      2483     34.8319    0.3698  -20.4919   14.3400    0.3696     6651.99      7100      7072      7030
    U00442      2504     34.4101    0.4322  -19.5301   14.8800    0.4321     4630.43      4623      4511      4674
    U00443      2520     34.1717    0.4842  -18.7317   15.4400    0.4841     5927.33      6368      6381      6309
    U00449      2537     33.2342    0.4554  -19.1742   14.0600    0.4553     4977.29      5392      5085      5319
    U00453      2553     34.0892    0.5294  -18.0392   16.0500    0.5293     4540.32      4533      4421      4583
    U00457      2571     34.0699    0.3829  -20.2899   13.7800    0.3827     5931.03      6372      6385      6312
    U00460      2593     33.6895    0.3822  -20.2995   13.3900    0.3821     4964.89      5316      5211      5269
     N0237      2597     33.4903    0.3374  -20.9703   12.5200    0.3372     3823.83      3795      3821      3811
     P2599      2599     34.9103    0.3835  -20.2803   14.6300    0.3834     4619.10      4611      4500      4662
     P2611      2611     34.3911    0.4504  -19.2511   15.1400    0.4503     6470.84      6651      6610      6605
    U00465      2614     34.2737    0.2971  -21.4937   12.7800    0.2969     4470.29      4321      4338      4406
    U00466      2615     33.7697    0.4316  -19.5397   14.2300    0.4315     5128.91      5406      5232      5336
     P2616      2616     35.0916    0.3380  -20.9616   14.1300    0.3379     6483.37      6913      6862      6847
    U00469      2621     35.9213    0.2246  -22.2313   13.6900    0.2243     9772.72      9972     10016      9957
    U00470      2627     34.2094    0.4147  -19.7994   14.4100    0.4146     4881.32      5162      4959      5119
    U00472      2649     34.4799    0.4648  -19.0299   15.4500    0.4647     4353.59      4315      4332      4351
    U00474      2659     36.5957    0.3051  -21.3957   15.2000    0.3049    11643.41     11773     11497     11760
    U00475      2704     34.0777    0.3361  -20.9877   13.0900    0.3360     5023.28      5374      5269      5327
    U00478      2712     34.6060    0.2822  -21.6660   12.9400    0.2820     4697.09      4689      4578      4740
    U00479      2717     34.9352    0.2927  -21.5452   13.3900    0.2926     5951.57      6444      6451      6382
    U00483      2739     34.6246    0.4397  -19.4146   15.2100    0.4396     4626.40      4547      4510      4603
    U00484      2743     34.0029    0.2816  -21.6729   12.3300    0.2814     4563.43      4556      4444      4607
    U00485      2747     34.1392    0.3324  -21.0392   13.1000    0.3323     4930.49      5345      5038      5272
     P2752      2752     33.6139    0.5043  -18.4239   15.1900    0.5042     4820.54      4964      4710      4963
     N0331      2759     34.8563    0.3355  -20.9963   13.8600    0.3354     6798.35      7156      7140      7104
     P2767      2767     32.5017    0.4185  -19.7417   12.7600    0.4184     4119.69      4192      4070      4134
    U00488      2768     35.2531    0.2601  -21.9031   13.3500    0.2599    11447.24     11489     11419     11506
     P2769      2769     35.7884    0.2890  -21.5884   14.2000    0.2888     9090.80      9194      9241      9194
     P2782      2782     33.9136    0.4874  -18.6836   15.2300    0.4873     4771.00      5082      4756      5034
     P2784      2784     34.8421    0.4028  -19.9821   14.8600    0.4027    11215.28     11199     11133     11230
     N0251      2806     33.8778    0.2748  -21.7478   12.1300    0.2746     4229.53      4191      4208      4227
     P2812      2812     33.8978    0.3635  -20.5878   13.3100    0.3634     3858.49      3857      3854      3862
     N0259      2820     33.2269    0.2865  -21.6169   11.6100    0.2864     3708.45      3642      3679      3665
     N0263      2856     35.2993    0.3088  -21.3493   13.9500    0.3087     8370.61      8561      8549      8526
    U00501      2865     34.3297    0.3212  -21.1897   13.1400    0.3211     4782.06      4926      4672      4925
    U00505      2883     33.5537    0.4053  -19.9437   13.6100    0.4052     3519.55      3445      3513      3470
    U00507      2889     34.2551    0.2841  -21.6451   12.6100    0.2839     4941.68      4933      4914      4930
     P2897      2897     35.4796    0.3660  -20.5496   14.9300    0.3659     9547.93      9707      9571      9655
    U00509      2899     33.9145    0.4723  -18.9145   15.0000    0.4722     4844.08      5118      4715      5076
     P2905      2905     33.6682    0.4128  -19.8282   13.8400    0.4127     4289.70      4187      4225      4215
     P2909      2909     34.8456    0.2368  -22.1256   12.7200    0.2366     7034.37      7262      7091      7195
    U00510      2914     34.0421    0.4191  -19.7321   14.3100    0.4190     4210.70      4075      4128      4145
    U00511      2928     34.5582    0.4128  -19.8282   14.7300    0.4127     4290.19      3928      4125      4033
    U00513      2934     36.1562    0.2558  -21.9462   14.2100    0.2556    11570.38     11536     11417     11569
     P2943      2943     34.5612    0.4341  -19.5012   15.0600    0.4340     5384.83      5539      5495      5493
     N0271      2949     33.6962    0.1711  -22.6062   11.0900    0.1708     3767.27      3701      3737      3724
     P2964      2964     33.0416    0.5169  -18.2316   14.8100    0.5168     4673.28      4817      4563      4816
    U00525      3020     33.7259    0.4254  -19.6359   14.0900    0.4252     4624.98      4476      4425      4560
    U00523      3023     35.0743    0.1848  -22.5243   12.5500    0.1845     7645.04      7997      8077      7965
    U00533      3072     34.6317    0.4022  -19.9917   14.6400    0.4021     5161.54      5587      5451      5508
     N0280      3076     35.2130    0.1818  -22.5430   12.6700    0.1815     9845.41     10037     10058     10022
    U00536      3081     34.7016    0.4347  -19.4916   15.2100    0.4346     4545.55      4397      4345      4480
    U00540      3108     33.4933    0.4047  -19.9533   13.5400    0.4046     4676.27      4820      4566      4819
    U00541      3120     34.9259    0.4091  -19.8859   15.0400    0.4090     6973.06      7318      7326      7273
    U00542      3133     33.7752    0.3268  -21.1152   12.6600    0.3267     4200.57      3912      4040      4023
     P3137      3137     33.9711    0.4504  -19.2511   14.7200    0.4503     4671.67      4529      4608      4574
    U00544      3147     34.4202    0.3250  -21.1402   13.2800    0.3248     4567.75      4425      4504      4470
     P3156      3156     34.2837    0.4053  -19.9437   14.3400    0.4052     4683.46      4976      4728      4934
    U00546      3157     34.3733    0.4704  -18.9433   15.4300    0.4703     4174.62      4110      4134      4152
     P3159      3159     33.7023    0.3704  -20.4823   13.2200    0.3702     5283.71      5376      5344      5340
     P3165      3165     34.5279    0.3960  -20.0879   14.4400    0.3958     5124.68      5127      5132      5112
     P3166      3166     33.3010    0.4830  -18.7510   14.5500    0.4829     5316.48      5464      5384      5415
     P3174      3174     34.5514    0.2989  -21.4714   13.0800    0.2987     5545.61      6079      6048      6001
     P3184      3184     34.6622    0.3866  -20.2322   14.4300    0.3865     6468.02      6921      6906      6853
     P3207      3207     34.4296    0.4479  -19.2896   15.1400    0.4478     5281.32      5555      5403      5470
     P3210      3210     35.9050    0.2142  -22.3150   13.5900    0.2140     9512.72      9614      9576      9585
    U00549      3218     34.3699    0.4648  -19.0299   15.3400    0.4647     5763.70      6321      6303      6241
    U00557      3222     34.1101    0.4160  -19.7801   14.3300    0.4158     4203.14      3841      4038      3946
    U00551      3230     34.4801    0.4980  -18.5201   15.9600    0.4979     5095.10      5438      5286      5395
    U00556      3235     33.5285    0.3281  -21.0985   12.4300    0.3279     4318.26      4030      4158      4140
    U00552      3239     34.5080    0.3797  -20.3380   14.1700    0.3796     4923.20      5174      5089      5158
     P3252      3252     34.3176    0.2767  -21.7276   12.5900    0.2765     6065.41      6392      6291      6315
     N0296      3260     33.4406    0.2613  -21.8906   11.5500    0.2611     5153.80      5770      5535      5668
    U00569      3268     36.7462    0.2558  -21.9462   14.8000    0.2556    12987.52     13326     13358     13278
    U00565      3274     33.8593    0.4310  -19.5493   14.3100    0.4309     5335.08      5952      5717      5849
     P3285      3285     34.6766    0.4266  -19.6166   15.0600    0.4265     6364.15      6840      6832      6772
     P3289      3289     34.9937    0.3101  -21.3337   13.6600    0.3099     5638.11      6101      6099      6044
     P3296      3296     35.5284    0.3175  -21.2384   14.2900    0.3173    10929.00     10879     10858     10890
     P3325      3325     35.9137    0.3101  -21.3337   14.5800    0.3099    10368.06     10208     10296     10255
    U00575      3332     33.8755    0.4247  -19.6455   14.2300    0.4246     4348.15      4200      4148      4283
     M1149      3335     34.7741    0.3392  -20.9441   13.8300    0.3391     6023.65      6388      6286      6307
    U00576      3363     34.3711    0.3685  -20.5111   13.8600    0.3684     4822.41      5092      4977      5069
    U00586      3397     35.9463    0.3312  -21.0563   14.8900    0.3310    11336.53     11227     11135     11274
    U00591      3420     33.7552    0.4736  -18.8952   14.8600    0.4735     4522.48      4395      4382      4487
     P3435      3435     33.2027    0.4366  -19.4627   13.7400    0.4365     5331.97      5678      5463      5574
     P3440      3440     34.1269    0.4598  -19.1069   15.0200    0.4597     5128.58      5480      5337      5414
     P3446      3446     33.0735    0.4379  -19.4435   13.6300    0.4378     4965.01      5239      4835      5197
     N0325      3454     34.6865    0.3169  -21.2465   13.4400    0.3167     5139.48      5179      5118      5153
    U00598      3456     34.3367    0.2804  -21.6867   12.6500    0.2802     4720.77      4995      4591      4953
     P3466      3466     33.6268    0.4761  -18.8568   14.7700    0.4760     4412.39      4264      4212      4347
     P3468      3468     34.6394    0.4147  -19.7994   14.8400    0.4146     5266.72      5590      5332      5494
     P3472      3472     34.3676    0.4610  -19.0876   15.2800    0.4609     5493.91      5840      5625      5736
     P3493      3493     34.9087    0.3473  -20.8287   14.0800    0.3472    10102.74     10287     10290     10274
     P3554      3554     33.0917    0.4842  -18.7317   14.3600    0.4841     3234.07      3414      3332      3362
    U00615      3563     34.6984    0.2890  -21.5884   13.1100    0.2888     5175.13      5527      5383      5461
    U00619      3569     36.0426    0.3070  -21.3726   14.6700    0.3068    11882.46     12217     11982     12159
     P3606      3606     34.3619    0.3256  -21.1319   13.2300    0.3254     4519.09      4370      4319      4454
     N0340      3610     34.3585    0.3144  -21.2785   13.0800    0.3142     5765.32      6266      6058      6145
     N0338      3611     33.8413    0.2246  -22.2313   11.6100    0.2243     4488.87      4340      4289      4423
    U00627      3636     36.1314    0.2197  -22.2714   13.8600    0.2195    11448.01     11442     11324     11466
    U00628      3639     34.8036    0.4216  -19.6936   15.1100    0.4215     5143.05      5548      5370      5477
    U00631      3643     35.0827    0.3710  -20.4727   14.6100    0.3709     5708.87      6175      6104      6101
     P3662      3662     32.8982    0.4291  -19.5782   13.3200    0.4290     4273.31      4243      4248      4252
    U00633      3664     34.7180    0.3113  -21.3180   13.4000    0.3111     5289.48      5906      5671      5804
     P3668      3668     35.5577    0.3361  -20.9877   14.5700    0.3360    11245.59     11143     11100     11193
     N0352      3701     34.0907    0.2161  -22.3006   11.7900    0.2158     4953.81      4993      4932      4968
     N0353      3714     33.5527    0.3710  -20.4727   13.0800    0.3709     3773.74      3707      3744      3731
     P3717      3717     34.8311    0.3685  -20.5111   14.3200    0.3684    11020.43     11315     11351     11286
     P3738      3738     33.7576    0.4610  -19.0876   14.6700    0.4609     5530.67      6123      5937      6008
     N0356      3754     33.8404    0.2791  -21.7004   12.1400    0.2790     5561.63      6062      5854      5942
    U00644      3764     35.4313    0.2896  -21.5813   13.8500    0.2895    11958.52     12282     12020     12218
    U00646      3773     34.0803    0.3181  -21.2303   12.8500    0.3180     4994.85      5269      4865      5227
    U00651      3781     33.8878    0.4943  -18.5778   15.3100    0.4942     4884.13      4822      4823      4837
    U00653      3787     34.7236    0.4216  -19.6936   15.0300    0.4215     5955.69      6490      6487      6421
    U00642      3824     35.2680    0.2625  -21.8780   13.3900    0.2623     7660.58      7975      8068      7954
     P3832      3832     33.1449    0.4729  -18.9049   14.2400    0.4728     5335.35      5659      5401      5563
     P3834      3834     33.5927    0.4366  -19.4627   14.1300    0.4365     3691.78      3852      3775      3805
     P3851      3851     34.9945    0.3163  -21.2545   13.7400    0.3161     8565.63      8679      8715      8664
    U00669      3866     33.1894    0.4147  -19.7994   13.3900    0.4146     5555.21      6169      6103      6087
    U00673      3903     35.1753    0.3916  -20.1553   15.0200    0.3915     5967.72      6502      6500      6433
    U00676      3912     36.4796    0.2472  -22.0296   14.4500    0.2470    14513.40     14746     14831     14710
     P3924      3924     33.0774    0.5100  -18.3374   14.7400    0.5099     4281.23      3942      4070      4081
     P3936      3936     36.2585    0.3243  -21.1485   15.1100    0.3242    11411.28     11635     11624     11615
     P3942      3942     34.5429    0.4041  -19.9629   14.5800    0.4040     4864.17      4957      4765      4987
     P3945      3945     34.9956    0.3455  -20.8556   14.1400    0.3453     6423.81      6484      6435      6447
    U00679      3950     33.9323    0.5181  -18.2123   15.7200    0.5180     4824.76      5099      4695      5057
     P3971      3971     33.7587    0.3972  -20.0687   13.6900    0.3971     3731.80      3857      3801      3817
    U00690      3990     34.2703    0.3063  -21.3803   12.8900    0.3062     5585.24      6145      6112      6060
     P3993      3993     35.7851    0.2064  -22.3751   13.4100    0.2061     9860.79     10048      9917      9988
    U00697      4020     34.2249    0.3349  -21.0049   13.2200    0.3347     4398.43      3935      4119      4096
     P4048      4048     35.7226    0.2650  -21.8526   13.8700    0.2648    10120.62     10054     10057     10074
     P4052      4052     34.3580    0.3797  -20.3380   14.0200    0.3796     6565.18      6994      7044      6943
     P4056      4056     35.6202    0.3250  -21.1402   14.4800    0.3248    10304.96     10211     10275     10247
    U00714      4110     33.6799    0.3829  -20.2899   13.3900    0.3827     4339.13      3876      4060      4037
    U00717      4116     35.4712    0.1883  -22.5012   12.9700    0.1881    11206.24     11301     11145     11303
    U00722      4142     33.8524    0.5018  -18.4624   15.3900    0.5017     3892.78      3787      3839      3830
    U00723      4148     33.9615    0.4510  -19.2415   14.7200    0.4509     4772.65      4909      4742      4905
    U00726      4151     33.5682    0.4291  -19.5782   13.9900    0.4290     3529.68      3445      3504      3471
    U00725      4168     33.8153    0.3754  -20.4053   13.4100    0.3752     4757.23      4850      4658      4880
     P4176      4176     35.2125    0.4035  -19.9725   15.2400    0.4033     6516.32      6995      6997      6928
     P4180      4180     33.7922    0.4686  -18.9722   14.8200    0.4685     5363.04      5419      5385      5380
    U00728      4184     33.9992    0.3816  -20.3092   13.6900    0.3815     4630.11      4723      4531      4753
     P4192      4192     34.3256    0.4085  -19.8956   14.4300    0.4083     5409.77      5958      5685      5822
     P4206      4206     34.1697    0.5137  -18.2797   15.8900    0.5136     4390.19      3927      4111      4088
    U00732      4210     34.1278    0.3635  -20.5878   13.5400    0.3634     5165.72      5764      5333      5642
     P4222      4222     34.2131    0.2601  -21.9031   12.3100    0.2599     5436.19      5856      5608      5739
     P4249      4249     34.3413    0.3430  -20.8913   13.4500    0.3428     5099.30      5237      5092      5176
     P4278      4278     35.5807    0.3330  -21.0307   14.5500    0.3329     9988.81     10159     10131     10150
    U00748      4286     34.2272    0.3785  -20.3573   13.8700    0.3784     4565.31      4466      4252      4549
     P4321      4321     34.1155    0.4247  -19.6455   14.4700    0.4246     4936.22      5291      4710      5150
     N0413      4347     34.0176    0.3953  -20.0976   13.9200    0.3952     5494.76      6063      5796      5934
     P4365      4365     34.0669    0.3779  -20.3669   13.7000    0.3777     5331.97      5387      5354      5349
    U00764      4387     34.6868    0.4761  -18.8568   15.8300    0.4760     4449.61      3986      4170      4147
     P4390      4390     34.8099    0.3829  -20.2899   14.5200    0.3827     5992.93      6566      6563      6488
    U00766      4401     34.9067    0.4103  -19.8667   15.0400    0.4102     5206.64      5571      5500      5527
     P4424      4424     35.5068    0.3237  -21.1568   14.3500    0.3236    10323.92     10274     10287     10301
     N0435      4434     35.5243    0.2508  -21.9943   13.5300    0.2506     9937.21      9948      9913      9958
     P4440      4440     33.4613    0.2896  -21.5813   11.8800    0.2895     3332.78      3491      3427      3445
    U00784      4443     34.6668    0.3529  -20.7468   13.9200    0.3528     4582.92      4416      4485      4455
     P4450      4450     34.4927    0.4529  -19.2127   15.2800    0.4528     5381.44      5792      5666      5717
    U00780      4451     35.0504    0.2791  -21.7004   13.3500    0.2790     8785.34      9034      9067      9018
    U00778      4457     35.1752    0.3268  -21.1152   14.0600    0.3267     6046.79      6455      6510      6406
    U00783      4473     34.7945    0.3163  -21.2545   13.5400    0.3161     5641.23      6112      6131      6051
     P4477      4477     34.0969    0.3274  -21.1069   12.9900    0.3273     5303.11      5404      5325      5350
     P4495      4495     36.4746    0.2380  -22.1146   14.3600    0.2378    14589.69     14822     14890     14789
     P4509      4509     34.2052    0.4078  -19.9052   14.3000    0.4077     4994.89      5157      5040      5121
    U00799      4511     35.1161    0.4585  -19.1261   15.9900    0.4584     5206.36      5633      5387      5531
     P4516      4516     33.0128    0.5024  -18.4528   14.5600    0.5023     4147.31      3718      3932      3828
    U00805      4539     34.6389    0.5125  -18.2989   16.3400    0.5124     5199.74      5626      5380      5524
    U00808      4549     35.3551    0.2064  -22.3751   12.9800    0.2061    11341.34     11490     11324     11476
     N0444      4561     33.5974    0.4279  -19.5974   14.0000    0.4277     4554.11      4355      4303      4445
    U00809      4563     34.1507    0.3841  -20.2707   13.8800    0.3840     3920.06      3497      3711      3594
     P4571      4571     35.3469    0.2909  -21.5669   13.7800    0.2907    10363.43     10562     10477     10500
     P4588      4588     34.7162    0.3026  -21.4262   13.2900    0.3025     5988.21      6489      6393      6403
     N0452      4596     33.8762    0.2558  -21.9462   11.9300    0.2556     4667.20      5022      4441      4881
     P4607      4607     34.7066    0.4266  -19.6166   15.0900    0.4265     7862.96      8152      8157      8127
    U00824      4619     34.9578    0.2576  -21.9278   13.0300    0.2574     5834.40      6252      6185      6186
    U00825      4650     34.5745    0.3903  -20.1745   14.4000    0.3902     5093.77      5410      5316      5378
    U00826      4654     33.4019    0.4516  -19.2319   14.1700    0.4515     5734.67      6206      6224      6144
    U00828      4655     35.8898    0.2872  -21.6098   14.2800    0.2870    11606.52     11752     11720     11747
    U00833      4672     33.9907    0.3330  -21.0307   12.9600    0.3329     4872.73      5044      4934      5017
    U00847      4734     34.8186    0.4135  -19.8186   15.0000    0.4133     4932.37      4937      4856      4903
    U00841      4735     34.1476    0.3953  -20.0976   14.0500    0.3952     5309.22      5953      5893      5866
    U00852      4763     34.8815    0.3218  -21.1815   13.7000    0.3217     8495.99      8686      8695      8670
     P4766      4766     34.3483    0.3966  -20.0783   14.2700    0.3965     8009.31      8213      8237      8195
    U00854      4767     34.4284    0.4623  -19.0684   15.3600    0.4622     4732.46      4653      4678      4680
     P4774      4774     34.8829    0.4041  -19.9629   14.9200    0.4040     7471.07      7689      7721      7664
    U00860      4791     33.0574    0.5100  -18.3374   14.7200    0.5099     5486.23      5888      5755      5813
     N0491      4799     33.2943    0.4391  -19.4243   13.8700    0.4390     3350.61      3473      3414      3434
     P4840      4840     33.5057    0.4579  -19.1357   14.3700    0.4578     4208.84      3779      3994      3889
     P4851      4851     35.6358    0.3610  -20.6258   15.0100    0.3609     8052.23      8253      8265      8236
    U00876      4856     34.7807    0.4661  -19.0107   15.7700    0.4659     4777.38      4698      4723      4725
    U00885      4873     34.3994    0.4805  -18.7894   15.6100    0.4804     5033.91      5272      5061      5189
     P4876      4876     33.9456    0.3455  -20.8556   13.0900    0.3453     4813.92      4715      4501      4797
     P4894      4894     34.6696    0.3660  -20.5496   14.1200    0.3659     5699.46      5881      5750      5813
    U00890      4896     33.7540    0.3592  -20.6540   13.1000    0.3590     4662.31      4449      4543      4504
    U00889      4898     34.8694    0.4147  -19.7994   15.0700    0.4146     8248.81      8441      8433      8423
     P4909      4909     33.7001    0.4322  -19.5301   14.1700    0.4321     4754.37      5187      4652      5101
     P4911      4911     33.8714    0.4673  -18.9914   14.8800    0.4672     5202.89      5523      5343      5431
     P4912      4912     34.3402    0.2502  -22.0002   12.3400    0.2500     5637.91      5965      5833      5881
     N0477      4915     34.1164    0.3138  -21.2864   12.8300    0.3136     5591.32      6151      6118      6066
     P4916      4916     33.6275    0.4773  -18.8375   14.7900    0.4772     3485.66      3401      3460      3426
     P4919      4919     35.3214    0.4016  -20.0014   15.3200    0.4015     6631.27      6995      6979      6944
     P4920      4920     33.8821    0.4028  -19.9821   13.9000    0.4027     3891.02      3751      3834      3803
    U00899      4928     35.5622    0.3187  -21.2222   14.3400    0.3186     8904.82      9093      9075      9078
    U00904      4947     35.4517    0.2631  -21.8717   13.5800    0.2629     8004.00      8193      8209      8176
    U00909      4971     34.1853    0.3754  -20.4053   13.7800    0.3752     4818.74      5252      4717      5165
    U00913      4985     33.8376    0.3791  -20.3476   13.4900    0.3790     4855.82      5289      4754      5202
     P4988      4988     33.3089    0.5125  -18.2989   15.0100    0.5124     3906.84      3540      3718      3628
     N0497      4992     34.7105    0.2016  -22.4105   12.3000    0.2013     7818.92      7990      8025      7966
     P5008      5008     34.5145    0.2742  -21.7545   12.7600    0.2740     4572.81      4474      4260      4556
    U00923      5024     36.1805    0.3150  -21.2705   14.9100    0.3149    10913.20     11024     10936     11021
     N0494      5035     34.0556    0.2368  -22.1256   11.9300    0.2366     5084.52      5727      5258      5597
     P5041      5041     33.7435    0.5200  -18.1835   15.5600    0.5199     4839.10      5272      4737      5185
     P5051      5051     35.7791    0.2003  -22.4191   13.3600    0.2001     9335.37      9469      9314      9420
     N0496      5061     33.9525    0.3498  -20.7925   13.1600    0.3497     5727.95      6340      6324      6259
    U00940      5088     35.2834    0.3504  -20.7834   14.5000    0.3503     6694.87      7166      7163      7110
     N0512      5132     34.4552    0.2288  -22.1952   12.2600    0.2286     4574.52      4476      4262      4558
     P5149      5149     34.6034    0.3723  -20.4534   14.1500    0.3721     5604.12      5932      5802      5848
    U00948      5150     34.3510    0.5489  -17.7410   16.6100    0.5488     4623.30      4800      4473      4786
     N0513      5174     34.8412    0.1943  -22.4612   12.3800    0.1941     5573.66      6186      6169      6105
    U00955      5181     34.8186    0.4135  -19.8186   15.0000    0.4133     4735.53      4787      4730      4797
     P5187      5187     34.3119    0.4516  -19.2319   15.0800    0.4515     5610.95      6153      5926      6044
     P5226      5226     35.9169    0.2909  -21.5669   14.3500    0.2907    10267.91     10512     10421     10487
    U00975      5260     34.5265    0.3772  -20.3765   14.1500    0.3771     4607.50      4509      4295      4591
    U00985      5270     35.5110    0.2173  -22.2910   13.2200    0.2170    10773.29     10863     10823     10866
    U00987      5284     33.6741    0.3194  -21.2141   12.4600    0.3192     4381.79      3918      4103      4079
    U00994      5294     35.5527    0.3710  -20.4727   15.0800    0.3709     7991.04      8180      8196      8163
     P5321      5321     33.4626    0.3872  -20.2226   13.2400    0.3871     3839.30      3678      3734      3738
    U01000      5327     33.9049    0.4567  -19.1549   14.7500    0.4565     5907.90      6267      6310      6232
     P5328      5328     34.3214    0.3567  -20.6914   13.6300    0.3565     5500.92      5950      5840      5873
     N0536      5344     33.8395    0.2307  -22.1795   11.6600    0.2304     4901.88      5335      4800      5248
     N0542      5360     34.5734    0.3723  -20.4534   14.1200    0.3721     4390.40      3927      4111      4088
     P5378      5378     34.9392    0.3548  -20.7192   14.2200    0.3547     5697.44      6055      5916      5966
     P5389      5389     34.1282    0.4128  -19.8282   14.3000    0.4127     5183.03      5595      5304      5494
     P5404      5404     34.2607    0.4498  -19.2607   15.0000    0.4497     5804.24      6042      5885      5969
     P5406      5406     36.0898    0.2810  -21.6798   14.4100    0.2808    13913.10     14144     14099     14115
    U01033      5440     33.8834    0.3504  -20.7834   13.1000    0.3503     3771.68      3378      3578      3468
     N0551      5450     34.0634    0.3045  -21.4034   12.6600    0.3043     4914.11      5347      4812      5261
    U01035      5457     35.1068    0.2607  -21.8968   13.2100    0.2605     6374.01      6781      6840      6728
    U01045      5473     34.5327    0.3710  -20.4727   14.0600    0.3709     6119.84      6649      6644      6578
     P5498      5498     33.9449    0.3910  -20.1649   13.7800    0.3908     4719.18      4506      4600      4561
    U01057      5527     34.6063    0.3355  -20.9963   13.6100    0.3354     6032.86      6422      6384      6364
    U01060      5534     34.8554    0.4410  -19.3954   15.4600    0.4409     4465.12      4279      4353      4322
     P5551      5551     33.9312    0.4341  -19.5012   14.4300    0.4340     4696.11      4818      4662      4818
     P5552      5552     35.0545    0.3903  -20.1745   14.8800    0.3902     6323.28      6827      6821      6762
    U01066      5563     34.1741    0.5539  -17.6641   16.5100    0.5538     4788.20      5055      4528      5040
     P5578      5578     34.5366    0.4266  -19.6166   14.9200    0.4265     6050.26      6570      6559      6506
    U01068      5579     33.8906    0.2940  -21.5306   12.3600    0.2938     4974.37      5216      4910      5197
     P5591      5591     34.4200    0.3666  -20.5400   13.8800    0.3665     5299.43      5712      5420      5611
    U01073      5600     32.7055    0.5068  -18.3855   14.3200    0.5067     3392.42      3096      3267      3167
     P5613      5613     35.9904    0.2533  -21.9704   14.0200    0.2531    13020.40     13326     13407     13290
     P5617      5617     34.4578    0.3206  -21.1978   13.2600    0.3205     5700.32      6048      5892      5958
     P5623      5623     35.2033    0.4047  -19.9533   15.2500    0.4046     9961.16     10177     10088     10157
    U01083      5645     34.1927    0.3579  -20.6727   13.5200    0.3578     4222.73      4115      4142      4161
     P5656      5656     35.5665    0.2355  -22.1365   13.4300    0.2353     9183.50      9303      9309      9295
    U01086      5676     33.3148    0.4893  -18.6548   14.6600    0.4891     3901.93      3419      3636      3526
     N0585      5688     33.7531    0.2601  -21.9031   11.8500    0.2599     5124.21      5366      5154      5295
     N0582      5702     34.0339    0.2687  -21.8139   12.2200    0.2685     4084.03      3601      3818      3708
    U01096      5716     35.7259    0.3107  -21.3259   14.4000    0.3105    10324.01     10451     10409     10445
     N0587      5746     34.1278    0.2748  -21.7478   12.3800    0.2746     4259.74      3712      3932      3853
     P5751      5751     34.3719    0.3256  -21.1319   13.2400    0.3254     4895.13      5105      4958      5098
    U01039      5760     34.4521    0.2835  -21.6521   12.8000    0.2833     5208.91      5624      5632      5581
     N0594      5769     33.4008    0.3679  -20.5208   12.8800    0.3678     5137.22      5401      5273      5332
     P5773      5773     34.1624    0.4360  -19.4724   14.6900    0.4359     5308.63      5721      5429      5620
    U01114      5799     35.4663    0.3312  -21.0563   14.4100    0.3310     8210.75      8396      8381      8381
    U01118      5810     33.3478    0.4285  -19.5878   13.7600    0.4284     3225.97      3162      3225      3184
     P5866      5866     34.4734    0.3585  -20.6634   13.8100    0.3584     5173.38      5438      5309      5368
    U01124      5879     34.3667    0.3461  -20.8467   13.5200    0.3459     5541.25      5908      5868      5870
     P5886      5886     34.1239    0.5206  -18.1739   15.9500    0.5205     4178.30      3630      3851      3772
     P5903      5903     34.9198    0.4153  -19.7898   15.1300    0.4152     5398.68      5646      5546      5571
    U01132      5916     34.6035    0.3442  -20.8735   13.7300    0.3441     5090.46      5389      5223      5362
    U01144      5945     34.3296    0.4479  -19.2896   15.0400    0.4478     5536.14      5932      5772      5862
     P5952      5952     35.5844    0.2539  -21.9644   13.6200    0.2537    11702.15     11609     11493     11636
     P5964      5964     34.0254    0.3399  -20.9354   13.0900    0.3397     5182.77      5156      5142      5138
    U01152      5986     35.0935    0.3343  -21.0135   14.0800    0.3341     6355.67      6847      6837      6786
    U01154      6006     34.6377    0.3467  -20.8377   13.8000    0.3466     7488.79      7759      7759      7736
     P6030      6030     34.6090    0.3417  -20.9090   13.7000    0.3416     5315.97      5348      5258      5309
     P6044      6044     34.1758    0.3610  -20.6258   13.5500    0.3609     5786.83      5891      5797      5835
    U01160      6045     34.3283    0.3641  -20.5783   13.7500    0.3640     5191.74      5854      5314      5682
    U01141      6057     35.2452    0.3268  -21.1152   14.1300    0.3267     8167.36      8476      8574      8456
     N0634      6059     33.8678    0.2576  -21.9278   11.9400    0.2574     4658.89      4537      4277      4630
    U01165      6074     35.9711    0.2964  -21.5011   14.4700    0.2963    10627.62     10959     10832     10917
     N0639      6105     35.0685    0.2958  -21.5085   13.5600    0.2957     5647.68      5883      5744      5801
     P6108      6108     34.9233    0.4704  -18.9433   15.9800    0.4703     5278.78      5653      5457      5549
     P6137      6137     34.8219    0.4516  -19.2319   15.5900    0.4515     4568.40      4446      4187      4539
     P6161      6161     34.5513    0.2246  -22.2313   12.3200    0.2243     5683.49      5919      5780      5837
     P6162      6162     35.2183    0.4786  -18.8183   16.4000    0.4785     4922.13      4952      4927      4932
     N0649      6169     34.9352    0.3517  -20.7652   14.1700    0.3515     7169.88      7404      7398      7363
     N0645      6172     33.2243    0.3511  -20.7743   12.4500    0.3509     3012.55      2967      3005      2987
    U01173      6173     35.4082    0.4128  -19.8282   15.5800    0.4127     6572.15      7021      7060      6960
    U01178      6189     33.7436    0.3262  -21.1236   12.6200    0.3260     5254.37      5932      5758      5821
    U01181      6193     35.7287    0.3972  -20.0687   15.6600    0.3971     7838.25      8035      8019      8013
     N0652      6208     33.2971    0.4110  -19.8571   13.4400    0.4108     5041.72      5356      5169      5285
     P6209      6209     35.3459    0.2952  -21.5159   13.8300    0.2950    10234.31     10551     10431     10510
     P6235      6235     33.6253    0.3916  -20.1553   13.4700    0.3915     4011.38      3875      3920      3921
     P6246      6246     34.8653    0.3754  -20.4053   14.4600    0.3752     8293.84      8480      8493      8458
     P6257      6257     34.3676    0.3953  -20.0976   14.2700    0.3952     5565.79      5801      5662      5719
    U01189      6263     34.3596    0.4479  -19.2896   15.0700    0.4478     5194.84      5479      5293      5413
     P6289      6289     33.6813    0.3430  -20.8913   12.7900    0.3428     5210.47      5475      5346      5405
    U01199      6302     35.8736    0.3262  -21.1236   14.7500    0.3260     9027.76      9218      9198      9194
     P6319      6319     32.9998    0.4811  -18.7798   14.2200    0.4810     3901.97      3923      3901      3906
    U01204      6329     34.1052    0.4078  -19.9052   14.2000    0.4077     5334.79      5713      5470      5633
     P6332      6332     34.0276    0.2767  -21.7276   12.3000    0.2765     5260.95      5546      5359      5479
     P6338      6338     35.2737    0.2971  -21.4937   13.7800    0.2969    11099.31     10922     10944     10957
    U01209      6358     33.0537    0.3891  -20.1937   12.8600    0.3890     4612.59      4615      4587      4640
    U01218      6377     35.6449    0.3349  -21.0049   14.6400    0.3347     9927.98     10177     10120     10146
    U01219      6380     34.0632    0.2946  -21.5232   12.5400    0.2944     4309.31      4178      4171      4240
    U01224      6434     36.1976    0.2767  -21.7276   14.4700    0.2765    10945.81     11341     11307     11287
     P6438      6438     32.6745    0.5382  -17.9046   14.7700    0.5381     5202.11      5554      5395      5493
    U01228      6443     32.5875    0.4773  -18.8375   13.7500    0.4772     3709.02      3286      3477      3377
    U01235      6454     34.0956    0.4085  -19.8956   14.2000    0.4083     5061.89      5172      5070      5152
    U01233      6459     35.1332    0.3299  -21.0732   14.0600    0.3298     7567.94      7838      7838      7815
    U01234      6473     35.1446    0.3598  -20.6446   14.5000    0.3596     5388.81      6067      5893      5955
    U01237      6475     34.1445    0.3163  -21.2545   12.8900    0.3161     4916.00      5002      4932      4997
    U01239      6485     34.2478    0.4285  -19.5878   14.6600    0.4284     5118.30      5403      5216      5337
     N0668      6502     33.6892    0.3324  -21.0392   12.6500    0.3323     4238.36      3690      3911      3832
     P6505      6505     33.3382    0.4128  -19.8282   13.5100    0.4127     3636.40      3566      3600      3583
     N0671      6546     34.3689    0.2983  -21.4789   12.8900    0.2981     5222.53      5529      5375      5469
     N0669      6560     34.1144    0.1380  -22.7644   11.3500    0.1377     4405.86      4022      4023      4162
    U01253      6573     35.3374    0.2693  -21.8074   13.5300    0.2691     6344.63      6648      6632      6610
    U01255      6580     34.3405    0.4166  -19.7705   14.5700    0.4165     4943.91      5030      4960      5025
     P6586      6586     35.9656    0.2884  -21.5956   14.3700    0.2882    11969.57     12201     12180     12180
    U01257      6607     34.7354    0.3399  -20.9354   13.8000    0.3397     4401.64      4018      4019      4158
    U01261      6627     33.7584    0.3804  -20.3284   13.4300    0.3802     4724.69      4727      4699      4752
    U01262      6628     34.3739    0.4385  -19.4339   14.9400    0.4384     4803.74      4806      4778      4831
    U01264      6636     34.4072    0.4604  -19.0972   15.3100    0.4603     4498.12      4443      4414      4481
    U01278      6678     35.4513    0.3430  -20.8913   14.5600    0.3428     9743.44      9992      9935      9961
     P6686      6686     33.9467    0.3461  -20.8467   13.1000    0.3459     4997.89      5206      5098      5148
    U01279      6687     34.1226    0.3872  -20.2226   13.9000    0.3871     4331.91      4211      4236      4258
     P6722      6722     35.3803    0.3063  -21.3803   14.0000    0.3062     9264.20      9387      9298      9350
    U01289      6728     33.4132    0.5031  -18.4432   14.9700    0.5030     4686.81      4798      4652      4795
     P6735      6735     34.7256    0.3455  -20.8556   13.8700    0.3453     5015.66      5064      4978      5039
    U01296      6741     33.9704    0.4329  -19.5204   14.4500    0.4327     4992.41      5239      5037      5177
     P6756      6756     33.1471    0.4110  -19.8571   13.2900    0.4108     3234.30      2904      3067      2981
     N0684      6759     33.1217    0.2582  -21.9217   11.2000    0.2580     3262.02      2931      3095      3009
     P6779      6779     34.6952    0.4899  -18.6452   16.0500    0.4898     4735.16      4760      4726      4742
     N0699      6798     34.4069    0.3274  -21.1069   13.3000    0.3273     5235.06      5502      5348      5430
     P6814      6814     33.9686    0.4135  -19.8186   14.1500    0.4133     4897.80      5209      4975      5153
    U01312      6817     33.6952    0.4078  -19.9052   13.7900    0.4077     4916.96      5074      4973      5058
    U01314      6827     33.4162    0.5244  -18.1162   15.3000    0.5243     3001.57      2913      2962      2945
     P6837      6837     34.0282    0.4291  -19.5782   14.4500    0.4290     4793.42      4691      4703      4723
    U01316      6851     34.7349    0.4567  -19.1549   15.5800    0.4565     4427.64      4006      3988      4182
    U01323      6863     34.8274    0.5100  -18.3374   16.4900    0.5099     4543.63      4532      4505      4556
    U01319      6865     33.8546    0.3598  -20.6446   13.2100    0.3596     5054.00      5643      5311      5526
    U01324      6872     35.2189    0.2319  -22.1689   13.0500    0.2317     9817.58     10135      9993     10091
     P6884      6884     35.0706    0.4003  -20.0206   15.0500    0.4002     7260.53      7521      7520      7499
    U01329      6889     33.8294    0.4968  -18.5394   15.2900    0.4967     4659.82      4771      4625      4768
    U01328      6893     33.9745    0.3903  -20.1745   13.8000    0.3902     4414.29      4359      4331      4398
     P6903      6903     33.1770    0.5093  -18.3470   14.8300    0.5092     4699.78      4660      4233      4754
    U01337      6905     34.9080    0.4617  -19.0780   15.8300    0.4616     5080.95      5167      5097      5162
     P6912      6912     35.3696    0.1705  -22.6096   12.7600    0.1702     9266.56      9305      9274      9291
    U01331      6921     34.1514    0.4016  -20.0014   14.1500    0.4015     5915.37      6402      6464      6338
     P6966      6966     33.8774    0.2343  -22.1474   11.7300    0.2341     4727.13      4625      4636      4657
     N0716      6982     33.3686    0.3032  -21.4186   11.9500    0.3031     4280.37      4159      4185      4207
     P6996      6996     35.4526    0.3070  -21.3726   14.0800    0.3068     9486.30      9797      9563      9751
     P7013      7013     34.6536    0.4216  -19.6936   14.9600    0.4215     4982.78      5069      4999      5064
     P7031      7031     32.8345    0.4723  -18.9145   13.9200    0.4722     4429.76      4046      4047      4186
    U01365      7039     33.7755    0.4247  -19.6455   14.1300    0.4246     4534.91      4392      4433      4433
    U01366      7066     34.4013    0.2896  -21.5813   12.8200    0.2895     4852.89      4813      4386      4907
    U01373      7072     33.2572    0.4604  -19.0972   14.1600    0.4603     4662.55      4584      4604      4621
    U01372      7073     34.4480    0.3797  -20.3380   14.1100    0.3796     6622.35      6854      6876      6833
     P7087      7087     33.3991    0.4798  -18.7991   14.6000    0.4797     5598.00      5928      5771      5866
    U01377      7088     34.8745    0.4723  -18.9145   15.9600    0.4722     4480.03      4425      4396      4463
    U01383      7096     34.2453    0.3916  -20.1553   14.0900    0.3915     4956.39      4878      4898      4915
     N0721      7097     33.9854    0.3399  -20.9354   13.0500    0.3397     5349.47      5841      5760      5758
     N0722      7098     34.4629    0.2816  -21.6729   12.7900    0.2814     4629.08      4587      4481      4638
     P7123      7123     33.0806    0.4824  -18.7606   14.3200    0.4822     5377.72      6006      5958      5900
    U01380      7124     33.6609    0.4993  -18.5009   15.1600    0.4992     4349.50      3966      3967      4106
     M1010      7125     33.8449    0.3910  -20.1649   13.6800    0.3908     4380.11      3958      3941      4134
     P7135      7135     34.1463    0.4097  -19.8763   14.2700    0.4096     5212.81      5410      5280      5377
    U01381      7138     34.4847    0.4235  -19.6647   14.8200    0.4234     4646.93      4594      4510      4663
    U01387      7140     33.6298    0.4811  -18.7798   14.8500    0.4810     4293.24      3708      3923      3862
    U01391      7150     34.5616    0.3094  -21.3416   13.2200    0.3093     5618.97      5878      5757      5839
    U01390      7159     34.4440    0.3592  -20.6540   13.7900    0.3590     4114.65      3533      3748      3674
     N0726      7182     33.0125    0.4855  -18.7125   14.3000    0.4854     5089.99      5357      5202      5285
    U01394      7197     34.5362    0.2252  -22.2262   12.3100    0.2250     6161.22      6560      6656      6512
     P7221      7221     35.2786    0.4135  -19.8186   15.4600    0.4133     7920.62      8100      8027      8082
     P7222      7222     32.9716    0.5169  -18.2316   14.7400    0.5168     4146.44      3561      3776      3716
    U01400      7223     33.9703    0.0938  -22.8803   11.0900    0.0933     5066.08      5634      5519      5514
    U01410      7243     34.3692    0.3324  -21.0392   13.3300    0.3323     4696.80      4534      4595      4584
    U01408      7246     35.5357    0.3051  -21.3957   14.1400    0.3049     7379.01      7492      7535      7488
    U01405      7254     34.6408    0.4335  -19.5108   15.1300    0.4334     4714.64      4675      4248      4769
     N0748      7259     34.2946    0.2380  -22.1146   12.1800    0.2378     5040.78      5170      5025      5132
    U01404      7263     34.2889    0.4304  -19.5589   14.7300    0.4302     4216.54      3635      3849      3776
    U01417      7281     36.3269    0.3779  -20.3669   15.9600    0.3777    11155.45     11394     11359     11371
     N0735      7282     34.4111    0.2717  -21.7811   12.6300    0.2716     4374.92      3789      4005      3944
    U01419      7285     35.0824    0.4360  -19.4724   15.6100    0.4359     5875.21      6170      6096      6128
     P7287      7287     33.6946    0.4560  -19.1646   14.5300    0.4559     4974.47      5308      4714      5264
    U01420      7292     34.1400    0.3666  -20.5400   13.6000    0.3665     4393.05      4338      4309      4376
     M1167      7304     34.7615    0.3218  -21.1815   13.5800    0.3217     5083.58      5676      5179      5537
     P7306      7306     33.8811    0.3847  -20.2611   13.6200    0.3846     4167.51      4044      4073      4079
     N0740      7316     33.9514    0.3567  -20.6914   13.2600    0.3565     4348.82      3763      3978      3918
     P7328      7328     34.6164    0.3138  -21.2864   13.3300    0.3136     6411.26      6749      6692      6696
    U01422      7333     34.3656    0.3455  -20.8556   13.5100    0.3453     4332.57      3747      3962      3902
     P7354      7354     34.5090    0.4962  -18.5490   15.9600    0.4960     4569.18      4406      4467      4456
     N0747      7366     34.6651    0.2841  -21.6451   13.0200    0.2839     5109.86      5444      5244      5360
     P7377      7377     34.1744    0.4066  -19.9244   14.2500    0.4065     7752.86      7926      7871      7911
     P7385      7385     33.2485    0.4297  -19.5685   13.6800    0.4296     4757.94      4647      4669      4677
     P7393      7393     34.6125    0.3156  -21.2625   13.3500    0.3155     5445.42      5570      5479      5516
    U01441      7396     34.7784    0.3175  -21.2384   13.5400    0.3173     4582.81      4161      4143      4337
    U01444      7406     33.9380    0.3797  -20.3380   13.6000    0.3796     4495.93      4350      4398      4394
    U01446      7411     34.2748    0.4072  -19.9148   14.3600    0.4071     4574.40      4453      4485      4494
    U01448      7420     34.7066    0.3405  -20.9266   13.7800    0.3403     6005.92      6337      6259      6280
    U01452      7441     34.4308    0.5156  -18.2508   16.1800    0.5155     4717.22      4902      4603      4883
     N0768      7465     34.3641    0.3194  -21.2141   13.1500    0.3192     6733.90      7000      6973      6961
    U01423      7472     33.1665    0.3169  -21.2465   11.9200    0.3167     3161.44      3330      3316      3339
    U01461      7478     34.1647    0.4235  -19.6647   14.5000    0.4234     5547.48      5877      5720      5815
    U01459      7504     34.3132    0.3299  -21.0732   13.2400    0.3298     5214.46      5783      5667      5662
    U01465      7519     36.4798    0.2429  -22.0698   14.4100    0.2427    12343.32     12652     12554     12600
    U01468      7533     33.6361    0.4585  -19.1261   14.5100    0.4584     4329.56      4287      4251      4321
     N0769      7537     33.5913    0.3430  -20.8913   12.7000    0.3428     4166.46      3709      3810      3883
     P7540      7540     33.4494    0.4805  -18.7894   14.6600    0.4804     5002.01      5417      5068      5338
    U01470      7545     33.9645    0.4723  -18.9145   15.0500    0.4722     4927.08      5260      4667      5217
     P7547      7547     34.1634    0.3045  -21.4034   12.7600    0.3043     5017.87      5172      5041      5128
     P7562      7562     33.8640    0.4060  -19.9340   13.9300    0.4058     4818.11      5003      4704      4984
     P7564      7564     34.0881    0.4454  -19.3281   14.7600    0.4453     5092.50      5661      5545      5540
    U01481      7574     35.6432    0.3299  -21.0732   14.5700    0.3298     8045.89      8255      8244      8222
     P7587      7587     33.8675    0.4773  -18.8375   15.0300    0.4772     4588.32      4546      4441      4597
    U01484      7596     34.9007    0.5319  -18.0007   16.9000    0.5318     4787.06      4873      4757      4877
    U01485      7602     33.7176    0.3536  -20.7376   12.9800    0.3534     4581.20      4539      4434      4590
     P7604      7604     34.7580    0.3113  -21.3180   13.4400    0.3111     9362.29      9693      9563      9647
    U01495      7637     35.4484    0.3804  -20.3284   15.1200    0.3802     9240.50      9571      9399      9522
    U01493      7646     33.5369    0.3274  -21.1069   12.4300    0.3273     3902.98      3322      3536      3462
    U01498      7649     33.9072    0.3785  -20.3573   13.5500    0.3784     4448.20      4336      4368      4380
     P7650      7650     33.2420    0.5175  -18.2220   15.0200    0.5174     3794.43      3278      3501      3386
     P7714      7714     32.7707    0.4498  -19.2607   13.5100    0.4497     4454.73      4465      4420      4465
     P7742      7742     34.3193    0.3088  -21.3493   12.9700    0.3087     4775.49      4854      4780      4822
     P7757      7757     34.8459    0.2952  -21.5159   13.3300    0.2950     5838.47      5806      5758      5779
    U01531      7770     35.0534    0.3045  -21.4034   13.6500    0.3043     7903.24      8129      8001      8096
     P7775      7775     35.6303    0.3063  -21.3803   14.2500    0.3062    12248.96     12617     12485     12551
     P7776      7776     35.5122    0.3187  -21.2222   14.2900    0.3186     9305.70      9598      9535      9552
    U01536      7800     35.0766    0.3405  -20.9266   14.1500    0.3403     7313.81      7500      7509      7475
      U023      7806     33.5701    0.4322  -19.5301   14.0400    0.4321     3601.44      3515      3543      3535
     P7812      7812     34.9602    0.2502  -22.0002   12.9600    0.2500     6128.92      6427      6364      6382
    U01540      7824     34.2659    0.5074  -18.3759   15.8900    0.5073     5251.15      5819      5704      5699
    U01537      7833     35.1453    0.2637  -21.8653   13.2800    0.2636     7201.36      7635      7630      7579
    U01553      7839     33.8768    0.4761  -18.8568   15.0200    0.4760     4478.90      4365      4389      4403
     P7842      7842     35.1701    0.3287  -21.0901   14.0800    0.3285     7697.71      7923      7796      7890
     N0801      7847     33.7162    0.2656  -21.8462   11.8700    0.2654     5529.25      6157      6109      6052
    U01548      7853     35.3914    0.2989  -21.4714   13.9200    0.2987     8872.62      9153      9085      9133
     P7856      7856     33.3949    0.3076  -21.3649   12.0300    0.3074     3378.35      3157      3254      3219
    U01560      7864     34.6471    0.3082  -21.3571   13.2900    0.3080     8216.30      8315      8252      8321
    U01565      7902     33.9890    0.4962  -18.5490   15.4400    0.4960     4440.03      4073      4081      4247
    U01572      7917     33.3095    0.3822  -20.2995   13.0100    0.3821     3264.35      3165      3204      3198
     P7930      7930     35.4345    0.2742  -21.7545   13.6800    0.2740     7567.69      7681      7683      7674
    U01567      7933     35.4965    0.2215  -22.2565   13.2400    0.2213     8783.02      9064      8996      9043
     P7939      7939     35.7832    0.3299  -21.0732   14.7100    0.3298     9195.99      9535      9430      9485
    U01575      7944     34.7543    0.5049  -18.4143   16.3400    0.5048     4587.05      4528      4308      4590
     P7945      7945     32.9645    0.4723  -18.9145   14.0500    0.4722     5528.55      5900      5852      5857
    U01580      7951     34.7055    0.2588  -21.9155   12.7900    0.2586     7511.04      7699      7686      7673
     P7962      7962     34.0736    0.4216  -19.6936   14.3800    0.4215     4543.81      4484      4264      4546
     P7963      7963     35.1461    0.3766  -20.3861   14.7600    0.3765     5476.04      5735      5614      5696
    U01584      7966     35.1392    0.3654  -20.5592   14.5800    0.3653     7252.08      7268      7361      7282
    U01581      7972     33.4292    0.3548  -20.7192   12.7100    0.3547     4173.61      3588      3803      3743
    U01578      7991     35.2190    0.2828  -21.6590   13.5600    0.2827     7567.90      8003      7993      7952
     P8011      8011     35.1729    0.2816  -21.6729   13.5000    0.2814     8969.64      9301      9225      9247
     P8026      8026     35.5411    0.2417  -22.0811   13.4600    0.2414     8948.97      9280      9204      9227
     N0812      8066     33.7076    0.2767  -21.7276   11.9800    0.2765     4937.29      4971      4677      5018
    U01605      8075     33.8853    0.4736  -18.8952   14.9900    0.4735     3145.04      3046      3085      3079
    U01601      8078     34.2162    0.4260  -19.6262   14.5900    0.4259     5359.91      5669      5391      5630
     P8082      8082     33.9754    0.5231  -18.1354   15.8400    0.5230     5276.29      5622      5406      5576
     P8101      8101     35.2304    0.2791  -21.7004   13.5300    0.2790     8846.37      9178      9101      9124
    U01607      8120     34.3384    0.2515  -21.9884   12.3500    0.2513     6041.07      6440      6536      6392
    U01609      8127     34.9441    0.2435  -22.0641   12.8800    0.2433     6281.85      6749      6805      6689
    U01612      8132     35.4433    0.3225  -21.1733   14.2700    0.3223     8245.07      8595      8513      8562
     P8164      8164     33.8983    0.4786  -18.8183   15.0800    0.4785     4954.07      4922      4899      4911
     N0818      8185     33.6693    0.2594  -21.9093   11.7600    0.2592     4029.03      3448      3662      3588
     N0827      8196     33.2585    0.3243  -21.1485   12.1100    0.3242     3194.16      3095      3134      3128
     P8200      8200     33.6241    0.3392  -20.9441   12.6800    0.3391     3692.13      3587      3615      3615
    U01646      8207     32.6275    0.4936  -18.5875   14.0400    0.4935     3128.12      3029      3068      3062
    U01642      8217     34.1429    0.5520  -17.6929   16.4500    0.5519     4402.65      3844      3966      4049
     P8223      8223     33.9743    0.2508  -21.9943   11.9800    0.2506     5101.80      5288      5205      5238
    U01650      8237     34.4895    0.4642  -19.0395   15.4500    0.4641     4355.02      3797      3919      4002
    U01658      8260     34.1479    0.4122  -19.8379   14.3100    0.4121     4313.17      4206      4217      4251
     P8261      8261     35.6239    0.2995  -21.4639   14.1600    0.2994    10622.63     10902     10848     10866
     P8268      8268     33.7195    0.3985  -20.0495   13.6700    0.3983     5312.75      5807      5615      5722
     N0840      8293     34.9991    0.2386  -22.1091   12.8900    0.2384     7018.30      7166      7186      7151
    U01660      8301     34.6905    0.4166  -19.7705   14.9200    0.4165     7005.70      7414      7393      7372
     P8325      8325     35.2701    0.4322  -19.5301   15.7400    0.4321     4999.36      5185      5103      5135
    U01667      8335     35.9557    0.3760  -20.3957   15.5600    0.3759    10566.78     10798     10711     10762
    U01673      8351     32.6601    0.4322  -19.5301   13.1300    0.4321     4124.84      3544      3758      3684
     N0834      8352     32.9190    0.3417  -20.9090   12.0100    0.3416     4363.33      3805      3927      4010
    U01674      8365     34.5905    0.4166  -19.7705   14.8200    0.4165     6976.90      7385      7364      7343
     N0841      8372     33.7339    0.2687  -21.8139   11.9200    0.2685     4308.25      3750      3872      3955
     N0854      8388     34.4733    0.2668  -21.8333   12.6400    0.2666     6033.39      6269      6151      6197
    U01682      8393     33.7754    0.4410  -19.3954   14.3800    0.4409     4751.52      4679      4339      4773
    U01685      8396     34.5869    0.2865  -21.6169   12.9700    0.2864     5936.24      6528      6510      6448
     N0845      8438     33.1601    0.3424  -20.9001   12.2600    0.3422     4167.27      3586      3800      3726
     P8453      8453     34.4169    0.4435  -19.3569   15.0600    0.4434     5777.90      6013      5896      5942
     P8470      8470     35.8726    0.3070  -21.3726   14.5000    0.3068    10218.75     10669     10585     10598
    U01704      8503     34.4605    0.4166  -19.7705   14.6900    0.4165     5558.66      6106      6149      6021
     P8581      8581     33.4063    0.3312  -21.0563   12.3500    0.3310     4724.92      4711      4679      4720
    U01726      8599     34.3401    0.3424  -20.9001   13.4400    0.3422     5049.44      5356      4791      5300
    U01733      8624     34.0501    0.4160  -19.7801   14.2700    0.4158     4162.18      4008      3975      4069
     N0872      8629     33.9507    0.3486  -20.8107   13.1400    0.3484     4075.90      4100      4043      4091
     N0861      8652     34.9774    0.2343  -22.1474   12.8300    0.2341     7976.36      8183      8157      8174
    U01738      8654     34.8368    0.3941  -20.1168   14.7200    0.3940     5478.88      5936      5945      5865
     P8696      8696     33.8304    0.4491  -19.2704   14.5600    0.4490     3503.55      3559      3514      3536
     N0871      8722     32.3201    0.4160  -19.7801   12.5400    0.4158     3501.92      3296      3367      3362
    U01761      8739     33.3116    0.5169  -18.2316   15.0800    0.5168     3769.00      3619      3649      3672
     P8751      8751     35.2189    0.4304  -19.5589   15.6600    0.4302     6183.81      6390      6344      6344
     P8754      8754     32.9370    0.5093  -18.3470   14.5900    0.5092     3735.65      3640      3660      3662
     P8766      8766     34.0573    0.2785  -21.7073   12.3500    0.2783     4568.41      4178      4106      4371
    U01765      8777     35.6056    0.2884  -21.5956   14.0100    0.2882    11084.74     11679     11486     11542
    U01769      8786     34.7952    0.2927  -21.5452   13.2500    0.2926     7690.23      7940      7899      7924
    U01773      8788     31.8420    0.5175  -18.2220   13.6200    0.5174     3369.86      3207      3274      3258
     N0881      8822     33.8401    0.2564  -21.9401   11.9000    0.2562     5002.77      5090      4998      5072
    U01782      8844     34.9512    0.4341  -19.5012   15.4500    0.4340     5828.32      6293      6401      6232
     P8871      8871     34.3643    0.2508  -21.9943   12.3700    0.2506     4900.34      4948      4874      4914
    U01795      8902     36.6901    0.2374  -22.1201   14.5700    0.2372    13815.20     14151     14005     14117
     P8955      8955     33.9978    0.3411  -20.9178   13.0800    0.3410     6386.15      6901      6885      6840
    U01814      8956     32.4574    0.4279  -19.5974   12.8600    0.4277     3850.30      3683      3697      3748
    U01817      8964     33.9797    0.3212  -21.1897   12.7900    0.3211     3509.79      3304      3375      3370
     P8969      8969     34.7814    0.2197  -22.2714   12.5100    0.2195     5099.96      5382      4893      5336
    U01822      8982     33.6499    0.3829  -20.2899   13.3600    0.3827     3737.02      3570      3584      3634
    U01820      8984     33.0037    0.4711  -18.9337   14.0700    0.4710     3745.06      3202      3419      3323
    U01826      9004     33.4014    0.4836  -18.7414   14.6600    0.4835     4776.19      4725      4273      4809
     P9048      9048     35.6702    0.3119  -21.3102   14.3600    0.3118    11797.62     12058     12050     12027
     P9078      9078     35.8651    0.2841  -21.6451   14.2200    0.2839    11037.21     11679     11613     11584
     P9083      9083     35.4220    0.2349  -22.1420   13.2800    0.2347     9192.08      9435      9375      9379
    U01848      9102     35.8883    0.2545  -21.9583   13.9300    0.2543    10475.63     11163     11058     11033
    U01856      9134     32.9578    0.4285  -19.5878   13.3700    0.4284     4582.89      4192      4120      4386
    U01857      9136     34.0659    0.4091  -19.8859   14.1800    0.4090     4189.79      3626      3793      3808
     P9167      9167     35.4393    0.3088  -21.3493   14.0900    0.3087     9290.77      9181      9114      9239
    U01867      9186     34.1406    0.4003  -20.0206   14.1200    0.4002     4986.85      4838      4556      4940
    U01883      9206     34.0508    0.4498  -19.2607   14.7900    0.4497     3549.92      3448      3437      3493
    U01886      9247     34.2347    0.2301  -22.1847   12.0500    0.2298     4634.91      4254      4102      4441
     N0914      9253     34.3227    0.2878  -21.6027   12.7200    0.2876     5321.39      5626      5338      5589
     N0926      9256     34.6708    0.2270  -22.2108   12.4600    0.2268     6166.97      6230      6178      6227
     P9268      9268     34.5700    0.3666  -20.5400   14.0300    0.3665     9079.06      9397      9295      9366
    U01902      9285     35.0369    0.3779  -20.3669   14.6700    0.3777     9376.83      9267      9200      9325
    U01903      9286     35.6301    0.2564  -21.9401   13.6900    0.2562    10231.94     10600     10283     10529
     N0921      9287     34.7414    0.3567  -20.6914   14.0500    0.3565     6658.82      6751      6765      6733
     P9296      9296     34.1583    0.4786  -18.8183   15.3400    0.4785     4566.25      4283      4110      4445
    U01909      9308     33.9354    0.4410  -19.3954   14.5400    0.4409     4764.99      5047      4558      5000
    U01910      9314     33.9752    0.3604  -20.6352   13.3400    0.3603     4895.20      4844      4391      4928
     P9317      9317     35.0555    0.5068  -18.3855   16.6700    0.5067     4248.29      4304      4240      4281
     P9335      9335     34.1185    0.4460  -19.3185   14.8000    0.4459     3540.23      3483      3489      3494
    U01946      9413     33.9967    0.4924  -18.6067   15.3900    0.4923     3852.12      3758      3718      3803
     N0947      9420     33.5597    0.3212  -21.1897   12.3700    0.3211     4732.10      4924      4798      4875
     N0933      9465     34.4427    0.2447  -22.0527   12.3900    0.2445     4902.52      4754      4472      4855
    U01965      9475     33.2749    0.3910  -20.1649   13.1100    0.3908     3945.69      3657      3722      3756
     P9479      9479     33.0865    0.4592  -19.1165   13.9700    0.4591     4668.96      4808      4704      4766
     N0937      9480     34.2803    0.3835  -20.2803   14.0000    0.3834     5430.65      5950      5921      5863
     P9501      9501     33.4357    0.4579  -19.1357   14.3000    0.4578     5016.85      5299      4810      5252
    U01974      9509     35.9379    0.2484  -22.0179   13.9200    0.2482     8355.26      8704      8584      8638
    U01971      9516     34.0966    0.3405  -20.9266   13.1700    0.3403     4341.56      4135      4012      4249
    U01976      9533     35.1043    0.2705  -21.7943   13.3100    0.2703     8877.98      8923      8848      8948
    U01980      9550     33.8060    0.2822  -21.6660   12.1400    0.2820     4549.10      4266      4092      4428
     P9551      9551     33.9390    0.4141  -19.8090   14.1300    0.4140     4430.22      4495      4428      4465
     P9573      9573     34.5269    0.3779  -20.3669   14.1600    0.3777     5049.13      5223      4972      5211
    U01990      9579     32.5914    0.4673  -18.9914   13.6000    0.4672     4350.53      4144      4021      4258
    U01988      9590     33.8284    0.3542  -20.7284   13.1000    0.3540     5566.15      6086      6056      5999
    U01993      9618     35.1202    0.2502  -22.0002   13.1200    0.2500     7808.89      8092      8046      8071
    U02011      9676     35.7759    0.1746  -22.5859   13.1900    0.1744     9296.83      9245      9172      9289
     P9692      9692     36.0760    0.2264  -22.2160   13.8600    0.2262    10024.59     10530     10422     10438
     N0977      9713     33.9641    0.3194  -21.2141   12.7500    0.3192     4359.47      4385      4316      4381
     P9721      9721     33.6707    0.4661  -19.0107   14.6600    0.4659     4246.37      4223      4181      4228
    U02029      9730     34.5720    0.4354  -19.4820   15.0900    0.4352     5268.17      5498      5354      5469
    U02041      9767     35.9062    0.2252  -22.2262   13.6800    0.2250    11940.51     12219     12231     12179
    U02035      9773     34.0017    0.3293  -21.0817   12.9200    0.3291     4876.91      4537      4326      4662
     N0973      9795     33.5018    0.2028  -22.4018   11.1000    0.2025     4641.54      4358      4185      4520
     P9800      9800     33.8016    0.3094  -21.3416   12.4600    0.3093     4543.13      4654      4542      4627
    U02054      9811     33.8141    0.3897  -20.1841   13.6300    0.3896     4228.34      3637      3816      3816
     P9816      9816     32.2838    0.4548  -19.1838   13.1000    0.4547     3543.44      3101      3299      3197
    U02050      9818     34.2462    0.4422  -19.3762   14.8700    0.4421     4888.82      4549      4337      4674
     P9826      9826     33.8421    0.3337  -21.0221   12.8200    0.3335     4550.38      4697      4562      4663
    U02064      9828     33.2096    0.3660  -20.5496   12.6600    0.3659     4029.78      3857      3831      3930
    U02069      9852     32.7207    0.3841  -20.2707   12.4500    0.3840     3556.37      3029      3235      3147
    U02076      9857     34.9158    0.4416  -19.3858   15.5300    0.4415     7622.15      7700      7685      7702
    U02079      9881     34.1046    0.3741  -20.4246   13.6800    0.3740     5435.36      5657      5630      5636
     P9895      9895     33.6911    0.3685  -20.5111   13.1800    0.3684     4701.51      4418      4245      4580
    U02083      9901     34.7189    0.3008  -21.4489   13.2700    0.3006     4473.29      4190      4017      4352
    U02092      9904     34.6310    0.2853  -21.6310   13.0000    0.2851     5899.02      5841      5828      5867
    U02096      9915     35.1287    0.3972  -20.0687   15.0600    0.3971     7681.61      7821      7777      7805
    U02104      9939     35.0897    0.3212  -21.1897   13.9000    0.3211     8026.37      8066      8053      8081
    U02100      9941     33.9259    0.4911  -18.6259   15.3000    0.4910     4163.01      3572      3750      3750
    U02101      9952     34.5443    0.2508  -21.9943   12.5500    0.2506     5614.96      6135      6105      6048
    P10031     10031     33.8703    0.3374  -20.9703   12.9000    0.3372     4888.46      4815      4840      4844
     N0983     10034     34.2167    0.2804  -21.6867   12.5300    0.2802     4527.83      3975      4043      4203
    P10038     10038     33.7267    0.4924  -18.6067   15.1200    0.4923     4334.71      4481      4346      4447
    U02135     10047     34.5868    0.3623  -20.6068   13.9800    0.3621     4263.42      3662      3795      3841
     N1024     10048     33.2511    0.2417  -22.0811   11.1700    0.2414     3305.86      3166      3206      3216
     N1028     10068     34.6446    0.3598  -20.6446   14.0000    0.3596     8364.51      8737      8608      8674
    P10085     10085     33.0251    0.5062  -18.3951   14.6300    0.5061     4369.29      4510      4391      4467
    P10104     10104     35.1903    0.3063  -21.3803   13.8100    0.3062     8381.81      8508      8406      8502
    U02159     10126     33.7880    0.5439  -17.8180   15.9700    0.5438     4970.52      5212      4851      5184
    U02167     10166     34.3068    0.3529  -20.7468   13.5600    0.3528     5194.85      5121      5147      5151
    P10190     10190     35.3412    0.2459  -22.0412   13.3000    0.2457    10800.96     11163     11079     11098
    U02171     10218     34.0449    0.4729  -18.9049   15.1400    0.4728     4355.31      3901      3966      4081
     N1054     10242     35.4565    0.2203  -22.2665   13.1900    0.2201     9540.62      9949      9826      9867
    P10281     10281     36.1039    0.2995  -21.4639   14.6400    0.2994    11218.13     11539     11522     11490
     N1071     10290     35.4498    0.2810  -21.6798   13.7700    0.2808    11043.50     11408     11336     11341
    U02185     10296     34.1376    0.2767  -21.7276   12.4100    0.2765     4157.77      3556      3690      3735
    U02197     10310     34.0068    0.3623  -20.6068   13.4000    0.3621     4901.73      4946      4467      4974
    U02194     10312     33.8783    0.3641  -20.5783   13.3000    0.3640     5283.21      5591      5409      5575
    U02198     10319     33.3930    0.3879  -20.2130   13.1800    0.3877     4494.58      4211      4038      4373
    P10326     10326     33.9014    0.4016  -20.0014   13.9000    0.4015     4819.09      4971      4859      4924
    P10327     10327     33.9684    0.3804  -20.3284   13.6400    0.3802     6241.87      6138      6118      6178
    P10332     10332     34.4089    0.4304  -19.5589   14.8500    0.4302     4947.34      5029      4943      4989
    U02206     10343     33.6761    0.4585  -19.1261   14.5500    0.4584     4525.15      4242      4069      4404
    U02205     10346     34.0037    0.4053  -19.9437   14.0600    0.4052     5268.41      5683      5491      5611
    U02214     10372     35.3071    0.3082  -21.3571   13.9500    0.3080     7767.11      8003      7916      7961
    U02212     10375     33.8497    0.4316  -19.5397   14.3100    0.4315     5140.90      5422      4910      5391
    P10382     10382     33.8348    0.4072  -19.9148   13.9200    0.4071     7509.55      7559      7532      7572
    U02217     10388     35.4362    0.2252  -22.2262   13.2100    0.2250     9233.33      9455      9274      9426
    P10394     10394     34.8963    0.3355  -20.9963   13.9000    0.3354     7289.31      7311      7294      7329
    U02215     10401     33.5672    0.3947  -20.1072   13.4600    0.3946     6363.08      6933      6954      6857
    P10410     10410     34.6127    0.4366  -19.4627   15.1500    0.4365     6969.20      7177      7077      7122
     N1081     10411     33.3273    0.3785  -20.3573   12.9700    0.3784     3797.98      3749      3740      3757
    P10413     10413     33.9738    0.3020  -21.4338   12.5400    0.3018     4085.77      4062      4020      4067
    U02223     10421     34.0063    0.4097  -19.8763   14.1300    0.4096     4789.26      4414      4233      4584
     N1100     10438     34.8403    0.1806  -22.5503   12.2900    0.1803     7314.27      7301      7309      7300
    P10448     10448     34.3114    0.3567  -20.6914   13.6200    0.3565     6581.27      6565      6459      6587
    P10456     10456     35.8751    0.2841  -21.6451   14.2300    0.2839     9304.59      9476      9368      9461
    P10463     10463     34.3432    0.3299  -21.0732   13.2700    0.3298     6823.90      7077      6959      7007
    U02236     10484     33.7618    0.4679  -18.9818   14.7800    0.4678     5505.12      5833      5825      5790
    P10502     10502     34.7898    0.2662  -21.8398   12.9500    0.2660     6929.43      7137      7037      7082
    U02239     10512     33.7076    0.3791  -20.3476   13.3600    0.3790     4627.78      4344      4171      4506
    U02243     10532     35.1614    0.2989  -21.4714   13.6900    0.2987     8882.83      9107      8907      9088
    U02251     10537     35.3588    0.3648  -20.5688   14.7900    0.3646     7269.76      7472      7435      7458
    U02267     10581     34.2393    0.3088  -21.3493   12.8900    0.3087     5841.55      6061      6054      6039
    U02272     10592     34.2623    0.2551  -21.9523   12.3100    0.2549     5445.44      5773      5765      5730
     N1093     10606     34.4681    0.2847  -21.6381   12.8300    0.2845     5075.16      5357      4844      5325
    U02276     10610     35.1925    0.3498  -20.7925   14.4000    0.3497     7082.88      7126      7103      7140
    P10637     10637     34.6345    0.2724  -21.7745   12.8600    0.2722     4828.61      4981      4869      4934
    P10640     10640     34.2401    0.4322  -19.5301   14.7100    0.4321     4963.46      5045      4959      5005
    U02283     10641     33.7004    0.4329  -19.5204   14.1800    0.4327     6254.71      6345      6327      6349
    U02280     10653     35.4201    0.2374  -22.1201   13.3000    0.2372     8182.47      8325      8272      8330
    P10658     10658     32.5402    0.4817  -18.7702   13.7700    0.4816     3188.67      3076      3116      3113
    U02289     10661     34.1845    0.3903  -20.1745   14.0100    0.3902     6150.77      6179      6155      6194
    P10677     10677     35.5179    0.2933  -21.5379   13.9800    0.2932     9897.04     10369     10247     10251
    U02304     10695     35.2524    0.2404  -22.0924   13.1600    0.2402     7041.80      7169      7149      7168
    P10715     10715     35.7343    0.2619  -21.8843   13.8500    0.2617     8866.36      9054      8951      9035
    P10716     10716     35.3344    0.2761  -21.7344   13.6000    0.2759     8243.49      8343      8403      8322
    U02315     10740     34.8832    0.3299  -21.0732   13.8100    0.3298     5343.83      5475      5478      5472
    P10741     10741     35.4368    0.3237  -21.1568   14.2800    0.3236     8459.93      8601      8548      8592
    U02310     10742     35.9626    0.2650  -21.8526   14.1100    0.2648    12422.25     12905     12584     12842
    U02313     10754     34.2400    0.3666  -20.5400   13.7000    0.3665     5557.56      6140      6040      6042
    U02321     10759     34.8874    0.3629  -20.5974   14.2900    0.3628     6213.15      6304      6285      6308
    P10766     10766     34.1564    0.3002  -21.4564   12.7000    0.3000     5110.77      5250      5163      5223
     N1116     10781     35.2361    0.2179  -22.2861   12.9500    0.2177     7485.42      7590      7527      7588
    P10817     10817     33.7094    0.4147  -19.7994   13.9100    0.4146     6782.34      6815      6785      6813
    U02340     10836     35.3245    0.3163  -21.2545   14.0700    0.3161     9834.96     10330     10267     10208
    P10846     10846     35.1779    0.3960  -20.0879   15.0900    0.3958     7218.77      7206      7213      7205
    P10858     10858     34.3143    0.2619  -21.8843   12.4300    0.2617     6243.45      6403      6335      6346
    U02347     10862     35.2346    0.3448  -20.8646   14.3700    0.3447     8001.92      8264      8164      8225
    P10875     10875     34.0345    0.3163  -21.2545   12.7800    0.3161     4824.61      4913      4834      4897
    U02364     10913     34.6107    0.3486  -20.8107   13.8000    0.3484     5213.68      5096      5145      5132
    P10915     10915     34.4137    0.4053  -19.9437   14.4700    0.4052     7227.51      7282      7208      7287
     N1134     10928     32.6359    0.2952  -21.5159   11.1200    0.2950     3441.33      3281      3312      3342
    P10932     10932     32.9916    0.3380  -20.9616   12.0300    0.3379     3364.57      3225      3265      3275
    U02375     10943     35.0943    0.2705  -21.7943   13.3000    0.2703     7394.19      7554      7482      7532
    U02378     10952     34.8505    0.3150  -21.2705   13.5800    0.3149     7211.58      7245      7172      7259
    U02379     10958     35.8764    0.3002  -21.4564   14.4200    0.3000    12312.20     12658     12709     12609
    P10961     10961     33.9840    0.4222  -19.6840   14.3000    0.4221     7946.52      8246      8157      8192
    U02382     10973     35.1190    0.3368  -20.9790   14.1400    0.3366     7303.15      7358      7283      7363
    P11004     11004     33.4681    0.2847  -21.6381   11.8300    0.2845     3360.09      3417      3410      3449
    U02380     11011     33.8198    0.2662  -21.8398   11.9800    0.2660     4486.41      4260      4206      4355
    U02387     11017     35.0042    0.3735  -20.4342   14.5700    0.3734     7545.52      7673      7587      7663
    U02405     11074     34.9952    0.2927  -21.5452   13.4500    0.2926     7482.61      7642      7570      7621
    U02414     11099     35.0578    0.3411  -20.9178   14.1400    0.3410     8065.55      8310      8311      8263
    U02415     11102     34.8499    0.3554  -20.7099   14.1400    0.3553     7560.26      7720      7648      7698
    P11131     11131     35.2327    0.4366  -19.4627   15.7700    0.4365     7613.79      7773      7701      7752
    U02420     11133     35.7488    0.1961  -22.4488   13.3000    0.1959     9657.52      9795      9786      9783
    U02409     11134     32.5214    0.4016  -20.0014   12.5200    0.4015     3716.10      3403      3490      3497
    U02423     11136     34.6564    0.3138  -21.2864   13.3700    0.3136     7491.38      7651      7579      7629
    U02426     11150     35.0141    0.2903  -21.5741   13.4400    0.2901     7202.93      7300      7103      7294
    U02424     11152     34.6615    0.2221  -22.2515   12.4100    0.2219     6762.33      6805      6786      6817
    P11177     11177     35.0516    0.3380  -20.9616   14.0900    0.3379     6819.55      6840      6812      6857
    P11197     11197     34.3755    0.2155  -22.3055   12.0700    0.2152     6100.32      6259      6177      6202
    P11199     11199     34.0289    0.4304  -19.5589   14.4700    0.4302     6911.68      6952      6795      6961
    P11225     11225     35.8820    0.2349  -22.1420   13.7400    0.2347    10210.77     10544     10504     10484
    U02444     11255     34.6840    0.2859  -21.6240   13.0600    0.2858     6504.80      6309      6316      6372
    U02445     11268     35.1979    0.4780  -18.8279   16.3700    0.4779     7005.99      7275      7231      7248
     N1165     11270     33.8339    0.2687  -21.8139   12.0200    0.2685     4770.66      4938      4830      4890
    U02447     11289     35.9864    0.2240  -22.2364   13.7500    0.2237    11271.83     11768     11525     11677
    U02453     11295     35.3615    0.2209  -22.2615   13.1000    0.2207     8888.26      8975      8882      8978
    U02454     11306     35.1032    0.3299  -21.0732   14.0300    0.3298     7413.87      7561      7440      7543
    P11308     11308     34.5118    0.3860  -20.2418   14.2700    0.3858     5947.74      6106      6025      6049
    P11365     11365     35.0111    0.2362  -22.1311   12.8800    0.2359     8781.09      8784      8706      8784
    P11377     11377     32.9486    0.4955  -18.5586   14.3900    0.4954     4181.21      4339      4214      4294
    U02472     11382     35.7815    0.2209  -22.2615   13.5200    0.2207     9950.67     10223     10154     10180
    P11400     11400     34.1717    0.4022  -19.9917   14.1800    0.4021     5842.42      5715      5731      5752
    U02483     11421     34.6564    0.3935  -20.1264   14.5300    0.3933     6027.18      6460      6486      6398
    U02498     11456     34.8527    0.3579  -20.6727   14.1800    0.3578     6729.97      6750      6722      6767
    P11463     11463     32.9878    0.3411  -20.9178   12.0700    0.3410     3214.25      2970      3079      3044
     N1185     11488     33.6477    0.3467  -20.8377   12.8100    0.3466     4735.74      4777      4713      4773
    U02507     11532     36.4693    0.2594  -21.9093   14.5600    0.2592    15891.08     16139     16232     16119
    U02511     11574     33.7516    0.3094  -21.3416   12.4100    0.3093     3695.87      3219      3367      3337
    P11582     11582     35.4085    0.3281  -21.0985   14.3100    0.3279     8213.53      8429      8434      8389
    U02520     11592     33.7144    0.4066  -19.9244   13.7900    0.4065     4018.88      3836      3821      3914
    P11594     11594     34.5103    0.3835  -20.2803   14.2300    0.3834     4583.33      4720      4593      4687
    P11606     11606     35.2800    0.3666  -20.5400   14.7400    0.3665     5953.40      6106      6016      6051
    U02527     11610     34.9698    0.2872  -21.6098   13.3600    0.2870     8586.99      8952      8841      8864
    U02525     11622     35.0502    0.3119  -21.3102   13.7400    0.3118     6040.79      6473      6500      6412
    U02526     11625     33.5861    0.2076  -22.3661   11.2200    0.2073     4794.01      4490      4252      4620
    U02530     11628     33.9031    0.3716  -20.4631   13.4400    0.3715     4066.38      3884      3868      3962
    U02539     11662     35.0686    0.3032  -21.4186   13.6500    0.3031     7688.59      7879      7781      7851
    U02541     11685     34.8072    0.3947  -20.1072   14.7000    0.3946    11292.60     11715     11457     11649
    P11691     11691     34.5557    0.3051  -21.3957   13.1600    0.3049     4610.87      4779      4664      4729
    P11718     11718     35.0896    0.2472  -22.0296   13.0600    0.2470     7003.01      7042      6889      7051
    U02549     11725     35.7763    0.2977  -21.4863   14.2900    0.2975    10133.20     10465     10430     10403
    U02550     11740     33.5786    0.4135  -19.8186   13.7600    0.4133     3869.94      3342      3524      3459
     N1234     11813     33.4424    0.4360  -19.4724   13.9700    0.4359     3551.95      3445      3477      3468
    P11824     11824     32.9552    0.4078  -19.9052   13.0500    0.4077     3870.93      3793      3791      3812
    P11829     11829     35.6015    0.2209  -22.2615   13.3400    0.2207     9279.43      9351      9332      9356
    U02570     11853     35.8153    0.1937  -22.4653   13.3500    0.1935    10214.70     10719     10667     10602
    U02571     11859     35.7405    0.3150  -21.2705   14.4700    0.3149    10352.89     10829     10746     10737
    U02581     11926     34.5536    0.4216  -19.6936   14.8600    0.4215     4096.40      3526      3702      3655
     N1247     11931     33.7488    0.1961  -22.4488   11.3000    0.1959     3768.84      3691      3689      3710
    P11976     11976     36.1169    0.2453  -22.0469   14.0700    0.2451    12648.49     13000     13025     12953
    U02591     11993     35.3511    0.2754  -21.7411   13.6100    0.2753     9631.34     10182     10005     10065
    U02596     12005     34.3865    0.3169  -21.2465   13.1400    0.3167     5212.31      5470      5043      5330
    P12029     12029     35.5878    0.3318  -21.0478   14.5400    0.3316    12081.60     12586     12175     12504
    P12046     12046     35.0764    0.3935  -20.1264   14.9500    0.3933     5092.91      5134      4803      5174
    P12079     12079     34.1589    0.3008  -21.4489   12.7100    0.3006     4506.68      4668      4553      4618
    P12080     12080     34.1610    0.2853  -21.6310   12.5300    0.2851     4779.90      4244      4205      4413
    U02622     12129     35.0424    0.2404  -22.0924   12.9500    0.2402     7680.31      7893      7756      7861
    P12139     12139     33.6460    0.4748  -18.8760   14.7700    0.4747     5281.00      5421      5353      5394
    U02628     12163     34.9310    0.3039  -21.4110   13.5200    0.3037     6635.24      6612      6521      6629
    P12195     12195     33.3259    0.4254  -19.6359   13.6900    0.4252     4575.11      4548      4519      4572
    U02630     12200     33.0993    0.4310  -19.5493   13.5500    0.4309     4898.35      4362      4324      4531
    P12212     12212     35.3889    0.2319  -22.1689   13.2200    0.2317     7430.29      7584      7509      7539
    U02633     12216     34.9164    0.2527  -21.9764   12.9400    0.2525     5489.52      5865      5562      5827
    U02637     12227     33.3737    0.4053  -19.9437   13.4300    0.4052     4977.79      4672      4333      4714
     N1285     12259     33.2525    0.3498  -20.7925   12.4600    0.3497     5067.98      5109      5087      5104
    U02653     12318     34.7474    0.2693  -21.8074   12.9400    0.2691     6794.53      7302      7244      7241
    U02663     12344     36.4358    0.2167  -22.2958   14.1400    0.2164    16912.14     17088     16978     17068
    P12379     12379     33.8057    0.3760  -20.3957   13.4100    0.3759     4442.58      4580      4461      4548
    U02679     12454     35.0708    0.2699  -21.8008   13.2700    0.2697     6477.01      6416      6358      6443
     N1301     12521     33.7217    0.3293  -21.0817   12.6400    0.3291     3801.10      3844      3784      3824
    U02699     12620     34.9869    0.3274  -21.1069   13.8800    0.3273     7788.03      7725      7758      7743
    U02701     12639     35.2398    0.2429  -22.0698   13.1700    0.2427     7112.14      7155      7027      7162
    P12684     12684     35.0406    0.2940  -21.5306   13.5100    0.2938     9429.22      9598      9535      9545
    U02709     12705     33.7903    0.3181  -21.2303   12.5600    0.3180     4992.81      4759      4386      4843
    P12717     12717     35.2267    0.2804  -21.6867   13.5400    0.2802    11439.83     11901     11891     11821
    U02714     12728     35.2949    0.4567  -19.1549   16.1400    0.4565     6261.87      6838      6816      6757
    U02719     12757     34.1788    0.5288  -18.0488   16.1300    0.5287     4948.34      4714      4341      4798
     N1324     12772     34.1590    0.1871  -22.5090   11.6500    0.1869     5507.24      5506      5494      5509
    P12794     12794     32.8326    0.5514  -17.7026   15.1300    0.5513     4206.69      4376      4239      4329
    U02728     12812     34.2391    0.3978  -20.0591   14.1800    0.3977     6380.49      6942      6989      6864
    U02740     12859     34.8410    0.2173  -22.2910   12.5500    0.2170     7096.79      7139      7011      7146
    U02744     12879     34.6261    0.3766  -20.3861   14.2400    0.3765     9043.29      9367      9288      9301
    P12897     12897     34.9015    0.3218  -21.1815   13.7200    0.3217     7391.41      7353      7336      7357
    P12914     12914     34.5016    0.3380  -20.9616   13.5400    0.3379     5941.45      5983      5902      5979
    P12920     12920     33.8996    0.3660  -20.5496   13.3500    0.3659     5334.37      5324      5329      5331
    P12948     12948     35.6876    0.2767  -21.7276   13.9600    0.2765     9929.42     10262     10292     10189
    P13023     13023     33.9449    0.3349  -21.0049   12.9400    0.3347     5463.42      5953      5924      5899
    P13112     13112     35.1954    0.3399  -20.9354   14.2600    0.3397     9449.62      9764      9693      9702
    P13194     13194     33.1072    0.4767  -18.8472   14.2600    0.4766     3936.92      3980      3920      3960
    P13200     13200     33.4003    0.4654  -19.0203   14.3800    0.4653     3091.52      3064      3057      3069
    P13223     13223     34.1292    0.3816  -20.3092   13.8200    0.3815     5325.60      5343      5230      5413
    P13273     13273     34.0738    0.3729  -20.4438   13.6300    0.3727     5646.10      5654      5611      5658
    U02789     13301     32.9698    0.2810  -21.6798   11.2900    0.2808     3036.95      3023      3048      3067
    U02796     13334     35.4469    0.2453  -22.0469   13.4000    0.2451     8947.01      9090      9111      9078
    P13362     13362     35.3262    0.3026  -21.4262   13.9000    0.3025    11666.72     11684     11641     11665
    U02804     13397     34.7956    0.3922  -20.1456   14.6500    0.3921     6788.04      6789      6712      6799
    P13437     13437     34.4614    0.4016  -20.0014   14.4600    0.4015     6120.33      6233      6228      6230
    P13442     13442     34.2658    0.5238  -18.1258   16.1400    0.5237     4229.84      4407      4270      4355
    P13535     13535     34.0521    0.3573  -20.6821   13.3700    0.3572     5110.29      5189      5151      5176
    U02825     13567     35.5262    0.2252  -22.2262   13.3000    0.2250    10769.01     11098     11191     11004
     N1417     13584     33.6146    0.2380  -22.1146   11.5000    0.2378     3987.88      3934      3888      3953
    P13601     13601     33.0063    0.4097  -19.8763   13.1300    0.4096     3995.67      4115      4017      4072
     N1424     13664     34.0797    0.3480  -20.8197   13.2600    0.3478     5496.15      5534      5509      5530
    U02838     13696     34.8625    0.3156  -21.2625   13.6000    0.3155     5834.91      5962      5990      5959
    U02839     13698     35.0901    0.3287  -21.0901   14.0000    0.3285     6387.37      6409      6406      6426
    P13710     13710     34.8262    0.3026  -21.4262   13.4000    0.3025     8871.99      9000      9006      8988
    U02843     13741     33.0089    0.4304  -19.5589   13.4500    0.4302     4727.99      4431      4196      4561
    U02850     13754     35.2560    0.3523  -20.7560   14.5000    0.3522     5309.45      5328      5330      5347
    U02849     13774     35.3493    0.1824  -22.5393   12.8100    0.1821     8007.77      8282      8201      8264
    U02851     13783     34.0896    0.2472  -22.0296   12.0600    0.2470     5352.18      5826      5503      5751
    P13820     13820     33.5369    0.2865  -21.6169   11.9200    0.2864     3661.75      3535      3531      3571
    P13830     13830     33.8478    0.3206  -21.1978   12.6500    0.3205     3857.27      3730      3726      3767
     N1459     13832     33.6135    0.3442  -20.8735   12.7400    0.3441     4061.90      4179      4082      4137
    P13837     13837     34.5686    0.4135  -19.8186   14.7500    0.4133     5663.12      5790      5708      5747
    U02848     13857     32.6810    0.4830  -18.7510   13.9300    0.4829     4217.83      4390      4364      4392
    U02862     13858     34.4996    0.2472  -22.0296   12.4700    0.2470     6616.12      6655      6612      6665
    P13860     13860     33.5794    0.4147  -19.7994   13.7800    0.4146     4075.07      4088      4006      4092
    P13882     13882     35.7815    0.2234  -22.2415   13.5400    0.2231     9434.18      9588      9526      9540
    P13889     13889     34.3200    0.3666  -20.5400   13.7800    0.3665     4169.99      4341      4213      4290
    P13905     13905     32.9814    0.3854  -20.2514   12.7300    0.3852     3885.11      3803      3761      3832
    P13922     13922     33.6671    0.4110  -19.8571   13.8100    0.4108     4738.76      4442      4207      4572
    U02873     13933     35.0213    0.2896  -21.5813   13.4400    0.2895     7882.27      8072      8015      8052
     N1462     13945     35.1737    0.2478  -22.0237   13.1500    0.2476     8106.03      8220      8170      8210
    U02865     13949     33.3626    0.3070  -21.3726   11.9900    0.3068     4266.88      4439      4414      4441
    P13953     13953     32.9814    0.4016  -20.0014   12.9800    0.4015     4039.62      3544      3656      3663
    U02860     13965     34.9101    0.4322  -19.5301   15.3800    0.4321     4168.49      4513      4457      4472
    P13977     13977     33.5803    0.4654  -19.0203   14.5600    0.4653     3945.24      3950      3870      3954
    U02880     13992     35.5524    0.4197  -19.7224   15.8300    0.4196     5854.31      5975      6020      5974
    U02878     13994     34.2095    0.3985  -20.0495   14.1600    0.3983     5273.85      5271      5039      5360
     N1470     14002     34.9735    0.2325  -22.1635   12.8100    0.2323     6516.84      6511      6472      6513
    U02884     14007     34.7043    0.3511  -20.7743   13.9300    0.3509     5594.05      5624      5593      5628
    P14033     14033     33.0347    0.4235  -19.6647   13.3700    0.4234     3921.69      3518      3599      3630
    U02888     14034     32.7521    0.4191  -19.7321   13.0200    0.4190     3931.76      3528      3609      3640
    P14075     14075     35.1656    0.2884  -21.5956   13.5700    0.2882     7405.23      7315      7308      7327
    U02899     14076     33.8773    0.4441  -19.3473   14.5300    0.4440     3355.40      3195      3216      3240
    P14083     14083     34.4039    0.4385  -19.4339   14.9700    0.4384     5080.30      5234      5126      5185
    P14088     14088     35.4015    0.2234  -22.2415   13.1600    0.2231     7709.37      7808      7744      7800
    P14100     14100     34.2737    0.3891  -20.1937   14.0800    0.3890     4802.94      4919      4854      4897
    P14102     14102     34.8090    0.2828  -21.6590   13.1500    0.2827     8370.52      8142      8156      8183
    P14181     14181     34.3760    0.3928  -20.1360   14.2400    0.3927     6879.75      7088      7036      7066
    U02910     14191     33.4403    0.4654  -19.0203   14.4200    0.4653     5385.58      5410      5399      5419
    U02908     14215     32.6078    0.4285  -19.5878   13.0200    0.4284     4478.59      4077      4013      4213
    U02911     14232     34.6864    0.3138  -21.2864   13.4000    0.3136     5070.85      4653      4475      4828
    U02915     14246     34.5360    0.3928  -20.1360   14.4000    0.3927     5182.96      5019      4860      5108
    P14259     14259     34.1144    0.3132  -21.2944   12.8200    0.3130     4048.00      4216      4093      4164
    P14264     14264     35.3619    0.3256  -21.1319   14.2300    0.3254     9946.83     10296     10316     10237
    U02920     14276     34.3601    0.3287  -21.0901   13.2700    0.3285     4065.59      3639      3694      3754
    U02924     14301     35.9871    0.3082  -21.3571   14.6300    0.3080     9283.60      9638      9586      9592
    P14304     14304     34.1030    0.4698  -18.9530   15.1500    0.4697     7123.22      7512      7425      7452
    U02928     14315     35.3498    0.2872  -21.6098   13.7400    0.2870     7418.44      7845      7726      7781
    P14319     14319     33.7044    0.4886  -18.6644   15.0400    0.4885     4384.90      4505      4397      4455
    P14330     14330     35.2305    0.3150  -21.2705   13.9600    0.3149     7441.73      7252      7279      7279
    U02936     14345     33.1878    0.2576  -21.9278   11.2600    0.2574     3699.12      3559      3543      3602
    U02934     14353     34.7208    0.3679  -20.5208   14.2000    0.3678     5099.52      5050      4921      5100
    P14369     14369     36.1426    0.3070  -21.3726   14.7700    0.3068    14484.41     14704     14538     14686
    P14370     14370     34.4692    0.3654  -20.5592   13.9100    0.3653     4434.47      4820      4697      4768
    P14374     14374     35.1710    0.2853  -21.6310   13.5400    0.2851     6950.47      7399      7319      7322
    P14389     14389     34.6783    0.3966  -20.0783   14.6000    0.3965     8752.50      8513      8483      8578
    U02939     14395     33.0903    0.3835  -20.2803   12.8100    0.3834     4334.49      3861      3923      3991
    U02951     14421     34.2642    0.3735  -20.4342   13.8300    0.3734     5257.23      5391      5323      5374
    U02950     14435     34.5198    0.2810  -21.6798   12.8400    0.2808     4840.41      4574      4503      4668
    U02954     14449     33.9506    0.4003  -20.0206   13.9300    0.4002     5233.05      5367      5299      5350
    U02956     14468     33.8752    0.3517  -20.7652   13.1100    0.3515     4429.46      4193      4145      4272
    U02958     14478     34.6506    0.2613  -21.8906   12.7600    0.2611     6114.45      6240      6288      6234
    U02963     14502     33.6906    0.2940  -21.5306   12.1600    0.2938     5200.72      5335      5266      5317
    U02962     14504     35.0442    0.3735  -20.4342   14.6100    0.3734     5308.96      5359      5326      5375
    U02966     14551     33.2091    0.5457  -17.7891   15.4200    0.5457     3465.36      3326      3327      3375
    U02973     14587     34.8311    0.2362  -22.1311   12.7000    0.2359     7197.70      7105      7107      7128
    P14606     14606     35.5662    0.2252  -22.2262   13.3400    0.2250     9431.45      9502      9517      9468
    P14622     14622     35.3605    0.2016  -22.4105   12.9500    0.2013     8813.12      8496      8480      8579
    U02976     14627     34.5514    0.3014  -21.4414   13.1100    0.3012     6274.88      6548      6569      6508
    U02983     14665     34.1384    0.2890  -21.5884   12.5500    0.2888     4921.14      5012      4959      5001
    U02985     14687     33.0634    0.3504  -20.7834   12.2800    0.3503     3838.78      3568      3610      3654
    U02988     14693     33.6411    0.2717  -21.7811   11.8600    0.2716     3718.92      3480      3532      3551
    U02994     14718     33.7507    0.3841  -20.2707   13.4800    0.3840     3225.79      3068      3097      3104
    P14774     14774     33.3337    0.4711  -18.9337   14.4000    0.4710     4314.05      4435      4329      4388
    P14780     14780     35.1908    0.2699  -21.8008   13.3900    0.2697     8836.79      8361      8432      8474
    U03002     14790     33.4746    0.4397  -19.4146   14.0600    0.4396     3494.40      3319      3326      3371
    P14791     14791     35.4204    0.2680  -21.8204   13.6000    0.2679     8834.01      8551      8561      8629
    U03005     14804     33.4217    0.5005  -18.4817   14.9400    0.5004     3141.65      2984      3013      3020
    U02987     14836     34.5614    0.4673  -18.9914   15.5700    0.4672     5364.74      5878      5840      5812
    U03009     14853     33.3597    0.4316  -19.5397   13.8200    0.4315     3654.65      3415      3468      3487
    U03014     14892     32.6091    0.4798  -18.7991   13.8100    0.4797     4124.66      4039      4029      4069
    P14914     14914     33.7895    0.3985  -20.0495   13.7400    0.3983     4806.80      5090      4922      5032
    U03025     15009     34.2633    0.4047  -19.9533   14.3100    0.4046     4904.25      4999      4937      4991
    U03026     15084     35.0579    0.2730  -21.7679   13.2900    0.2728     7561.53      7928      7989      7896
    U03030     15103     32.8433    0.4704  -18.9433   13.9000    0.4703     3685.38      3582      3624      3635
    U03036     15157     35.2381    0.2847  -21.6381   13.6000    0.2845     7390.31      7757      7818      7724
    U03043     15225     35.2865    0.3169  -21.2465   14.0400    0.3167     7346.94      7714      7774      7681
    P15259     15259     33.9899    0.3829  -20.2899   13.7000    0.3827     4283.32      4135      4174      4171
    P15273     15273     34.1921    0.3573  -20.6821   13.5100    0.3572     4199.16      4314      4204      4270
    U03059     15294     34.1484    0.3175  -21.2384   12.9100    0.3173     4737.95      4818      4758      4811
     N1586     15331     33.4677    0.3467  -20.8377   12.6300    0.3466     3501.74      3304      3312      3353
    P15349     15349     35.2012    0.1788  -22.5612   12.6400    0.1785     9341.33      9108      9015      9163
    U03066     15355     33.9234    0.3045  -21.4034   12.5200    0.3043     4572.69      4652      4592      4645
    P15359     15359     33.7697    0.4974  -18.5297   15.2400    0.4973     4064.76      4205      4096      4161
    P15387     15387     33.9030    0.3879  -20.2130   13.6900    0.3877     4717.74      4997      4822      4928
    P15460     15460     35.2902    0.3119  -21.3102   13.9800    0.3118    10261.31     10613     10627     10549
    U03078     15461     34.0013    0.2896  -21.5813   12.4200    0.2895     5341.10      5284      5305      5327
    P15495     15495     34.3018    0.4022  -19.9917   14.3100    0.4021     4837.54      5117      4942      5048
    P15517     15517     34.5063    0.3355  -20.9963   13.5100    0.3354     6230.29      6189      6159      6190
    U03089     15533     34.1564    0.3002  -21.4564   12.7000    0.3000     4528.83      4493      4451      4522
    P15590     15590     34.8652    0.3268  -21.1152   13.7500    0.3267     6365.15      6790      6782      6748
    U03085     15604     33.2928    0.4203  -19.7128   13.5800    0.4202     4217.67      4343      4323      4370
     N1618     15611     33.3910    0.3039  -21.4110   11.9800    0.3037     4833.60      5113      4938      5044
     N1622     15635     34.0405    0.2016  -22.4105   11.6300    0.2013     4793.45      5073      4898      5003
     N1620     15638     33.1078    0.2748  -21.7478   11.3600    0.2746     3458.19      3261      3269      3309
    P15691     15691     33.5811    0.2964  -21.5011   12.0800    0.2963     4953.22      5283      5091      5209
    U03092     15693     34.3650    0.3747  -20.4150   13.9500    0.3746     4724.19      5120      4992      5066
    P15706     15706     34.7859    0.2952  -21.5159   13.2700    0.2950     8570.09      8198      8247      8264
    P15734     15734     33.9931    0.4372  -19.4531   14.5400    0.4371     4378.31      4526      4422      4483
    P15753     15753     34.5389    0.4304  -19.5589   14.9800    0.4302     5482.09      5553      5475      5530
    U03121     15755     34.6126    0.2650  -21.8526   12.7600    0.2648     4445.59      4396      4389      4415
    U03122     15760     34.3104    0.2791  -21.7004   12.6100    0.2790     4628.84      4668      4620      4672
    P15767     15767     34.3090    0.3417  -20.9090   13.4000    0.3416     4868.93      5199      5007      5125
    U03120     15788     33.9314    0.3854  -20.2514   13.6800    0.3852     5612.03      5540      5593      5593
    U03127     15789     32.3474    0.5100  -18.3374   14.0100    0.5099     3297.84      3146      3157      3176
    U03114     15793     33.6702    0.3250  -21.1402   12.5300    0.3248     3661.45      3558      3600      3611
    U03110     15810     33.7060    0.2822  -21.6660   12.0400    0.2820     4429.44      4825      4697      4771
    P15822     15822     34.2452    0.4078  -19.9052   14.3400    0.4077     4533.84      4747      4607      4694
    U03101     15838     33.6065    0.4592  -19.1165   14.4900    0.4591     4225.77      4636      4556      4581
    U03138     15866     34.1001    0.2374  -22.1201   11.9800    0.2372     4760.74      4765      4703      4788
    P15870     15870     35.3405    0.2282  -22.2004   13.1400    0.2280     8778.88      8409      8426      8490
    U03131     15919     34.3843    0.3511  -20.7743   13.6100    0.3509     4699.77      5096      4968      5042
    U03148     15924     34.5779    0.2933  -21.5379   13.0400    0.2932     4670.04      4581      4552      4623
    U03146     15972     34.2282    0.4128  -19.8282   14.4000    0.4127     3984.28      3864      3904      3933
    U03143     15986     34.2807    0.3560  -20.7007   13.5800    0.3559     4503.43      4899      4771      4845
    U03162     15992     33.7989    0.4304  -19.5589   14.2400    0.4302     4604.24      4643      4596      4647
    U03149     16001     34.1431    0.2601  -21.9031   12.2400    0.2599     4649.36      4959      4830      4930
    U03172     16033     34.2546    0.3448  -20.8646   13.3900    0.3447     4687.73      4814      4720      4795
    P16036     16036     34.1401    0.3424  -20.9001   13.2400    0.3422     4549.39      4686      4582      4644
     N1680     16058     33.6026    0.3872  -20.2226   13.3800    0.3871     4262.10      4300      4201      4263
    U03167     16092     33.8204    0.2791  -21.7004   12.1200    0.2790     4679.38      4760      4642      4795
    P16101     16101     35.3460    0.3200  -21.2060   14.1400    0.3198     9352.97      9105      9019      9173
    U03159     16110     33.9234    0.3723  -20.4534   13.4700    0.3721     4461.13      4857      4729      4803
    P16116     16116     33.9752    0.4078  -19.9052   14.0700    0.4077     5329.84      5396      5297      5364
    P16118     16118     33.8962    0.4260  -19.6262   14.2700    0.4259     4453.45      4509      4452      4483
    P16139     16139     33.2414    0.4673  -18.9914   14.2500    0.4672     4981.05      5203      5081      5159
     N1687     16166     33.7979    0.3960  -20.0879   13.7100    0.3958     5476.68      5518      5433      5492
    U03184     16186     33.7923    0.3125  -21.3023   12.4900    0.3124     4526.98      4720      4592      4678
    P16187     16187     33.4343    0.3511  -20.7743   12.6600    0.3509     4494.38      4596      4521      4563
    U03187     16189     33.8671    0.4110  -19.8571   14.0100    0.4108     4695.08      4903      4777      4868
    U03186     16191     34.1558    0.4416  -19.3858   14.7700    0.4415     4543.47      4737      4609      4694
    P16205     16205     35.7151    0.2841  -21.6451   14.0700    0.2839     9558.82      9452      9306      9473
    U03191     16227     35.6627    0.2447  -22.0527   13.6100    0.2445     9118.04      9461      9481      9397
     N1686     16239     34.6544    0.2539  -21.9644   12.6900    0.2537     5686.28      5734      5677      5719
    U03195     16248     36.2970    0.2088  -22.3570   13.9400    0.2086    16308.96     16455     16413     16435
    P16256     16256     33.0587    0.4792  -18.8087   14.2500    0.4791     4567.24      4703      4599      4659
    U03185     16271     34.4256    0.3455  -20.8556   13.5700    0.3453     4627.47      4854      4731      4843
    P16272     16272     34.2203    0.3063  -21.3803   12.8400    0.3062     6794.89      7295      7200      7223
    P16285     16285     33.7804    0.4491  -19.2704   14.5100    0.4490     4781.27      5021      4879      4962
    U03189     16301     34.4678    0.3411  -20.9178   13.5500    0.3410     4509.78      4819      4690      4791
    P16302     16302     33.8203    0.3835  -20.2803   13.5400    0.3834     4905.26      5128      5005      5083
    P16322     16322     33.5497    0.3212  -21.1897   12.3600    0.3211     3826.05      3637      3634      3681
    P16324     16324     33.9198    0.2872  -21.6098   12.3100    0.2870     4516.66      4736      4601      4676
    P16338     16338     35.0512    0.2459  -22.0412   13.0100    0.2457     5736.33      5739      5663      5723
    U03207     16359     34.2201    0.2374  -22.1201   12.1000    0.2372     4536.76      4730      4602      4688
    U03205     16360     33.6912    0.2736  -21.7612   11.9300    0.2734     3544.14      3417      3394      3470
    P16367     16367     33.9651    0.2841  -21.6451   12.3200    0.2839     5489.03      5591      5518      5567
    U03209     16369     35.1302    0.3250  -21.1402   13.9900    0.3248     8348.19      8277      8352      8305
    P16373     16373     34.3774    0.2693  -21.8074   12.5700    0.2691     4973.81      5055      4962      5024
    P16379     16379     33.5044    0.4066  -19.9244   13.5800    0.4065     4094.26      4086      4017      4086
    U03211     16400     33.9401    0.4322  -19.5301   14.4100    0.4321     4161.96      4021      4045      4067
    U03204     16421     33.5844    0.4066  -19.9244   13.6600    0.4065     3960.62      3841      3880      3909
    P16436     16436     33.6043    0.3511  -20.7743   12.8300    0.3509     3999.98      3897      3875      3920
    U03219     16469     34.6111    0.3847  -20.2611   14.3500    0.3846     8453.06      8465      8576      8476
    U03223     16482     34.3493    0.2594  -21.9093   12.4400    0.2592     4661.42      4765      4676      4747
     N1720     16485     33.6489    0.2319  -22.1689   11.4800    0.2317     4174.07      4205      4145      4192
     N1730     16499     33.9220    0.1985  -22.4319   11.4900    0.1983     3964.12      4034      3934      4014
    P16504     16504     34.5796    0.3660  -20.5496   14.0300    0.3659     6772.08      6635      6635      6654
    P16507     16507     33.7034    0.3585  -20.6634   13.0400    0.3584     3664.50      3590      3554      3603
    P16530     16530     33.6766    0.4266  -19.6166   14.0600    0.4265     3747.68      3739      3670      3739
    U03218     16537     34.0190    0.1871  -22.5090   11.5100    0.1869     5179.49      5624      5509      5569
    P16568     16568     34.4680    0.2398  -22.0980   12.3700    0.2396     6641.52      6520      6524      6537
     N1752     16600     33.2743    0.2705  -21.7943   11.4800    0.2703     3568.92      3524      3480      3532
    P16603     16603     34.5581    0.2847  -21.6381   12.9200    0.2845     6394.65      6317      6271      6318
    P16605     16605     33.6171    0.3082  -21.3571   12.2600    0.3080     3976.92      3968      3899      3968
    P16611     16611     34.0359    0.4091  -19.8859   14.1500    0.4090     4303.49      4395      4307      4368
    P16641     16641     34.1667    0.4103  -19.8667   14.3000    0.4102     6834.21      6704      6679      6716
    U03232     16642     34.1714    0.2989  -21.4714   12.7000    0.2987     4981.22      4997      4943      5016
    U03236     16650     35.4327    0.2878  -21.6027   13.8300    0.2876     8498.02      8510      8621      8521
     N1762     16654     34.1756    0.2368  -22.1256   12.0500    0.2366     4739.31      5050      4880      4992
    U03240     16668     35.2983    0.2545  -21.9583   13.3400    0.2543    10881.69     11292     11274     11209
    P16672     16672     33.1846    0.3598  -20.6446   12.5400    0.3596     3358.90      3314      3270      3322
    U03227     16677     34.9003    0.3374  -20.9703   13.9300    0.3372     7726.64      8073      8122      8043
    P16678     16678     34.8315    0.3218  -21.1815   13.6500    0.3217     6852.04      6680      6691      6706
    U03242     16687     34.8562    0.2656  -21.8462   13.0100    0.2654     6040.85      6152      6119      6140
    P16702     16702     33.7041    0.3897  -20.1841   13.5200    0.3896     3969.54      4088      3973      4049
    U03235     16722     33.8950    0.4404  -19.4050   14.4900    0.4403     3914.40      3794      3834      3863
    P16735     16735     34.0380    0.4617  -19.0780   14.9600    0.4616     3397.08      3445      3366      3429
    P16751     16751     34.1078    0.3206  -21.1978   12.9100    0.3205     4468.58      4580      4495      4549
    P16754     16754     33.4031    0.4372  -19.4531   13.9500    0.4371     4567.65      4669      4582      4636
    U03248     16764     34.9811    0.2717  -21.7811   13.2000    0.2716     8923.94      9243      9284      9178
    P16769     16769     34.7003    0.3063  -21.3803   13.3200    0.3062     6043.15      6528      6491      6475
    P16854     16854     34.6332    0.2946  -21.5232   13.1100    0.2944     6998.13      6829      6802      6846
    U03250     16858     34.1347    0.2301  -22.1847   11.9500    0.2298     4487.70      4714      4591      4704
    P16874     16874     34.0295    0.4642  -19.0395   14.9900    0.4641     3583.14      3678      3576      3648
    P16930     16930     32.3497    0.5137  -18.2797   14.0700    0.5136     3972.77      3853      3848      3883
    P16975     16975     35.8092    0.2124  -22.3292   13.4800    0.2122     8845.58      9124      9210      9068
    U03270     16984     35.6423    0.3125  -21.3023   14.3400    0.3124     8641.43      8781      8922      8756
    P16989     16989     35.1805    0.3150  -21.2705   13.9100    0.3149     8907.30      9217      9289      9158
    P16990     16990     34.7997    0.3480  -20.8197   13.9800    0.3478     5833.31      5796      5750      5793
    P16993     16993     34.0753    0.2637  -21.8653   12.2100    0.2636     5271.67      5260      5253      5285
    U03267     16997     34.5312    0.2736  -21.7612   12.7700    0.2734     6995.69      7401      7409      7362
    P17015     17015     33.0653    0.3916  -20.1553   12.9100    0.3915     3504.61      3553      3474      3536
    U03275     17031     35.3341    0.2435  -22.0641   13.2700    0.2433     7968.66      7900      7896      7925
    U03279     17044     35.1834    0.1895  -22.4934   12.6900    0.1893     8403.06      8542      8683      8518
    P17052     17052     34.9350    0.3747  -20.4150   14.5200    0.3746     8641.86      8817      8864      8778
    P17064     17064     33.8994    0.4147  -19.7994   14.1000    0.4146     4537.09      4632      4527      4599
    U03277     17084     34.3732    0.3299  -21.0732   13.3000    0.3298     5079.71      5506      5430      5448
    P17087     17087     35.1249    0.3349  -21.0049   14.1200    0.3347     9214.29      9505      9559      9455
    U03289     17125     34.5604    0.3673  -20.5304   14.0300    0.3671     8885.16      9164      9250      9107
    P17126     17126     34.8269    0.2909  -21.5669   13.2600    0.2907     8578.94      8594      8718      8595
    U03284     17162     34.0004    0.4329  -19.5204   14.4800    0.4327     4665.25      5110      5011      5048
    U03295     17165     34.7457    0.3051  -21.3957   13.3500    0.3049     5597.90      5729      5735      5716
    U03292     17178     35.6055    0.2588  -21.9155   13.6900    0.2586    10064.51     10311     10313     10298
    P17187     17187     35.1431    0.2601  -21.9031   13.2400    0.2599     9399.47      9028      9025      9095
    P17229     17229     33.6692    0.3816  -20.3092   13.3600    0.3815     3220.08      3354      3235      3317
    U03310     17326     35.2947    0.2301  -22.1847   13.1100    0.2298     6973.77      7298      7240      7267
    U03309     17344     34.8984    0.2515  -21.9884   12.9100    0.2513     6019.90      6483      6433      6430
    P17380     17380     35.4464    0.3138  -21.2864   14.1600    0.3136    11415.14     11147     11371     11187
     N1954     17422     33.6265    0.2203  -22.2665   11.3600    0.2201     3176.82      3287      3181      3257
    U03319     17456     34.1176    0.3536  -20.7376   13.3800    0.3534     4185.69      4417      4323      4405
    U03322     17462     35.4179    0.2484  -22.0179   13.4000    0.2482     7908.12      7874      7897      7890
    P17475     17475     35.1661    0.3766  -20.3861   14.7800    0.3765     7085.17      7056      7039      7059
    P17502     17502     34.9285    0.3144  -21.2785   13.6500    0.3142     7788.47      7622      7642      7651
    U03329     17509     34.4328    0.2337  -22.1528   12.2800    0.2335     5291.27      5237      5271      5268
    U03332     17554     34.2211    0.2754  -21.7411   12.4800    0.2753     5852.28      6070      6027      6035
    P17556     17556     34.1139    0.4385  -19.4339   14.6800    0.4384     4354.74      4485      4366      4453
    U03326     17561     34.1365    0.2215  -22.2565   11.8800    0.2213     4054.58      4243      4218      4243
    P17597     17597     33.8949    0.3910  -20.1649   13.7300    0.3908     3334.37      3524      3377      3473
     N2049     17657     33.7921    0.2835  -21.6521   12.1400    0.2833     3055.42      3297      3143      3230
    U03351     17776     33.4243    0.2705  -21.7943   11.6300    0.2703     4461.02      4451      4415      4498
    P17810     17810     32.9413    0.3430  -20.8913   12.0500    0.3428     3119.95      3310      3163      3259
    U03354     17831     33.0080    0.3057  -21.3880   11.6200    0.3056     3082.64      3054      3059      3091
    P17941     17941     35.4346    0.1967  -22.4446   12.9900    0.1965     8694.64      8625      8548      8630
    P17974     17974     34.9611    0.2417  -22.0811   12.8800    0.2414     8645.66      8404      8429      8450
    P18000     18000     33.3792    0.3324  -21.0392   12.3400    0.3323     3195.79      3389      3231      3331
    U03366     18007     34.1341    0.3392  -20.9441   13.1900    0.3391     5921.70      6130      6128      6116
    U03368     18013     34.1504    0.3673  -20.5304   13.6200    0.3671     5217.89      5163      5193      5207
    U03369     18033     34.1388    0.4466  -19.3088   14.8300    0.4465     4377.92      4309      4282      4354
    U03365     18039     34.7015    0.2221  -22.2515   12.4500    0.2219     5137.28      5545      5498      5494
    U03375     18089     34.1507    0.2161  -22.3006   11.8500    0.2158     5799.09      6035      6016      6017
    P18109     18109     34.1202    0.3250  -21.1402   12.9800    0.3248     5811.96      5855      5934      5895
    U03372     18128     34.2480    0.3797  -20.3380   13.9100    0.3796     4977.81      5468      5442      5403
     N2124     18147     33.4936    0.2798  -21.6936   11.8000    0.2796     3048.93      3287      3146      3216
    U03379     18161     33.6462    0.3026  -21.4262   12.2200    0.3025     4099.48      4159      4144      4191
    U03373     18181     33.8334    0.3585  -20.6634   13.1700    0.3584     4728.60      5180      5138      5127
    U03383     18191     34.1913    0.2896  -21.5813   12.6100    0.2895     5341.08      5331      5378      5369
    P18220     18220     34.2184    0.2890  -21.5884   12.6300    0.2888     6653.38      6518      6537      6541
    P18223     18223     34.7184    0.2441  -22.0584   12.6600    0.2439     8437.17      8366      8330      8373
    P18389     18389     34.2226    0.3872  -20.2226   14.0000    0.3871     5358.77      5773      5778      5728
    P18435     18435     34.9868    0.3237  -21.1568   13.8300    0.3236     7443.25      7279      7294      7301
    P18444     18444     34.7671    0.3082  -21.3571   13.4100    0.3080     6536.60      6311      6341      6345
    P18487     18487     33.7603    0.4654  -19.0203   14.7400    0.4653     3304.85      3557      3378      3490
    P18488     18488     33.7511    0.3685  -20.5111   13.2400    0.3684     3132.91      3385      3206      3318
    U03407     18494     33.3213    0.3430  -20.8913   12.4300    0.3428     3643.35      3611      3577      3648
    P18511     18511     34.6892    0.3324  -21.0392   13.6500    0.3323     6844.60      6625      6657      6661
    U03406     18556     34.3177    0.4448  -19.3377   14.9800    0.4446     5194.83      5603      5556      5552
    U03417     18608     34.9261    0.2496  -22.0061   12.9200    0.2494     8495.66      8846      8716      8808
    U03415     18646     34.1668    0.5420  -17.8468   16.3200    0.5419     3897.61      3873      3910      3924
    U03416     18662     33.6753    0.3754  -20.4053   13.2700    0.3752     3994.88      4054      4039      4087
    U03425     18699     33.7273    0.2785  -21.7073   12.0200    0.2783     4057.64      4092      4071      4134
    P18708     18708     34.3003    0.3374  -20.9703   13.3300    0.3372     5759.27      5614      5599      5631
    U03428     18716     34.6494    0.4968  -18.5394   16.1100    0.4967     3879.95      3855      3893      3907
    U03412     18719     34.2267    0.4103  -19.8667   14.3600    0.4102     3976.56      4165      4140      4165
    P18726     18726     34.4879    0.2933  -21.5379   12.9500    0.2932     5939.03      6028      6096      6056
    U03430     18728     33.8676    0.3536  -20.7376   13.1300    0.3534     4078.49      4112      4092      4155
    P18729     18729     33.6467    0.3461  -20.8467   12.8000    0.3459     4063.74      4098      4077      4140
     N2206     18736     34.1934    0.1997  -22.4234   11.7700    0.1995     6388.97      6117      6132      6156
    U03420     18739     34.2911    0.2417  -22.0811   12.2100    0.2414     5087.90      5532      5526      5473
    U03432     18747     34.2845    0.3903  -20.1745   14.1100    0.3902     5016.37      5060      5048      5087
    P18762     18762     34.4257    0.3051  -21.3957   13.0300    0.3049     6554.68      6450      6470      6467
    U03413     18764     32.8992    0.3548  -20.7192   12.1800    0.3547     4184.14      4544      4466      4502
    U03423     18778     34.4068    0.4761  -18.8568   15.5500    0.4760     4247.85      4576      4489      4543
    P18805     18805     34.4103    0.3063  -21.3803   13.0300    0.3062     6293.89      6107      6145      6136
    P18807     18807     33.7156    0.2884  -21.5956   12.1200    0.2882     4319.80      4648      4561      4615
    P18813     18813     34.3224    0.2521  -21.9824   12.3400    0.2519     5566.47      5796      5727      5758
    P18859     18859     35.4464    0.3138  -21.2864   14.1600    0.3136     9490.86      9342      9306      9357
    U03449     18872     34.6467    0.3461  -20.8467   13.8000    0.3459     5619.14      5678      5756      5704
    P18895     18895     35.3196    0.2472  -22.0296   13.2900    0.2470     9446.94      8795      8815      8933
    U03444     18915     33.9781    0.5112  -18.3181   15.6600    0.5111     3337.34      3341      3373      3376
    P18930     18930     33.0266    0.4429  -19.3666   13.6600    0.4428     3010.91      3317      3124      3240
    U03459     18964     33.2778    0.3318  -21.0478   12.2300    0.3316     3006.55      3114      3032      3100
    U03460     18977     34.3403    0.4654  -19.0203   15.3200    0.4653     4041.30      4128      4066      4116
    P19024     19024     35.1268    0.3237  -21.1568   13.9700    0.3236     7183.75      6892      6905      6940
    P19032     19032     34.3778    0.3411  -20.9178   13.4600    0.3410     7175.05      6864      6902      6919
    U03467     19073     34.9980    0.2398  -22.0980   12.9000    0.2396     5846.03      5935      6003      5963
    P19121     19121     35.2062    0.3026  -21.4262   13.7800    0.3025     7242.35      7015      7007      7052
    U03473     19170     35.0610    0.3039  -21.4110   13.6500    0.3037     7322.02      7643      7590      7614
    U03477     19186     34.7959    0.3107  -21.3259   13.4700    0.3105     6544.12      6991      6856      6934
    P19217     19217     35.4120    0.2490  -22.0120   13.4000    0.2488     8376.37      7854      7886      7926
    U03481     19221     34.8077    0.3467  -20.8377   13.9700    0.3466     6452.80      6745      6717      6707
    U03474     19222     33.4921    0.3337  -21.0221   12.4700    0.3335     3631.64      3607      3644      3658
    U03478     19228     33.0625    0.3156  -21.2625   11.8000    0.3155     3847.56      3825      3839      3873
    P19229     19229     34.8643    0.2508  -21.9943   12.8700    0.2506     7149.19      6773      6782      6830
    U03489     19249     34.3543    0.2619  -21.8843   12.4700    0.2617     5564.15      5741      5707      5715
     N2255     19260     34.4438    0.3020  -21.4338   13.0100    0.3018     7010.17      6634      6649      6688
    U03484     19261     34.9889    0.2983  -21.4789   13.5100    0.2981     7451.26      7772      7720      7743
    U03498     19292     33.6424    0.3436  -20.8824   12.7600    0.3435     3914.04      3963      3881      3964
    P19309     19309     34.8573    0.2785  -21.7073   13.1500    0.2783     7143.24      6870      6851      6887
    P19363     19363     34.7129    0.3386  -20.9529   13.7600    0.3385     6815.72      6437      6457      6492
    U03505     19385     34.3065    0.3772  -20.3765   13.9300    0.3771     5483.18      5711      5646      5674
    P19418     19418     35.2893    0.2594  -21.9093   13.3800    0.2592    10020.42      9698      9669      9748
    P19447     19447     35.3307    0.4498  -19.2607   16.0700    0.4497     6587.75      6928      6893      6895
    U03512     19469     34.9739    0.4385  -19.4339   15.5400    0.4384     6127.45      6336      6324      6313
    U03513     19475     35.1134    0.3585  -20.6634   14.4500    0.3584     7421.24      7857      7741      7791
    U03524     19512     33.6724    0.2921  -21.5524   12.1200    0.2919     4056.23      4105      4023      4106
    U03534     19549     33.6495    0.4642  -19.0395   14.6100    0.4641     4584.49      4570      4583      4591
    P19557     19557     34.8813    0.3430  -20.8913   13.9900    0.3428     6219.14      6545      6492      6494
    U03532     19571     34.4705    0.3150  -21.2705   13.2000    0.3149     6363.10      6744      6657      6682
    U03553     19671     34.2405    0.4166  -19.7705   14.4700    0.4165     5363.40      5554      5511      5524
    U03554     19697     34.2397    0.2915  -21.5597   12.6800    0.2913     5736.30      5818      5838      5833
    P19725     19725     33.4173    0.2785  -21.7073   11.7100    0.2783     4092.80      4125      4057      4131
    U03561     19732     34.1997    0.3212  -21.1897   13.0100    0.3211     5754.85      5588      5812      5661
    U03573     19743     34.5873    0.2785  -21.7073   12.8800    0.2783     4948.46      5065      5056      5063
    U03576     19788     34.4989    0.3008  -21.4489   13.0500    0.3006     6030.21      6323      6302      6285
    P19790     19790     34.8474    0.3629  -20.5974   14.2500    0.3628     5857.75      5863      5990      5872
    U03584     19792     34.1276    0.3953  -20.0976   14.0300    0.3952     4560.93      4482      4506      4520
    U03579     19794     34.6907    0.3330  -21.0307   13.6600    0.3329     6303.95      6784      6617      6677
    P19795     19795     34.9560    0.3200  -21.2060   13.7500    0.3198     7160.11      7476      7408      7450
    U03585     19809     35.1690    0.3417  -20.9090   14.2600    0.3416    10439.31     10716     10686     10683
    U03575     19838     34.1686    0.4135  -19.8186   14.3500    0.4133     3900.51      4026      3990      4041
    U03593     19856     34.6381    0.2847  -21.6381   13.0000    0.2845     6790.05      7141      7078      7092
    U03597     19874     34.7176    0.2767  -21.7276   12.9900    0.2765     6046.39      6526      6359      6419
    U03606     19931     33.9828    0.4203  -19.7128   14.2700    0.4202     4016.05      4112      4080      4133
    U03622     19974     33.9018    0.3860  -20.2418   13.6600    0.3858     5112.50      5286      5216      5271
    P19975     19975     32.9911    0.4667  -19.0011   13.9900    0.4666     3342.48      3385      3366      3414
    U03624     19979     35.2152    0.2927  -21.5452   13.6700    0.2926     7542.75      7779      7745      7747
    U03623     19981     35.4669    0.2453  -22.0469   13.4200    0.2451     8445.38      8803      8739      8757
    P19997     19997     35.3262    0.1693  -22.6162   12.7100    0.1690     9133.79      9036      8988      9041
    U03628     19998     35.0081    0.5112  -18.3181   16.6900    0.5111     5291.43      5354      5330      5372
    U03627     20007     34.2914    0.3567  -20.6914   13.6000    0.3565     6356.27      6893      6682      6814
    P20014     20014     33.7270    0.4272  -19.6070   14.1200    0.4271     4784.68      4815      4712      4798
    U03637     20027     32.8549    0.4567  -19.1549   13.7000    0.4565     3715.81      3854      3749      3832
    U03638     20062     34.4886    0.3032  -21.4186   13.0700    0.3031     5614.15      5394      5593      5470
    P20079     20079     35.0287    0.3473  -20.8287   14.2000    0.3472     8522.94      8776      8757      8763
    U03652     20083     33.6849    0.3349  -21.0049   12.6800    0.3347     4682.20      4690      4724      4707
    U03645     20088     34.9120    0.2490  -22.0120   12.9000    0.2488     6454.66      6991      6780      6912
    U03664     20131     35.6438    0.3020  -21.4338   14.2100    0.3018     8902.35      9248      9190      9201
    U03644     20133     33.1719    0.4516  -19.2319   13.9400    0.4515     3262.58      3298      3318      3326
    U03636     20143     33.9707    0.3330  -21.0307   12.9400    0.3329     3550.74      3580      3619      3610
    U03660     20158     33.0513    0.3430  -20.8913   12.1600    0.3428     4233.14      4411      4335      4412
    P20167     20167     35.0804    0.2680  -21.8204   13.2600    0.2679     7791.80      7342      7335      7398
    U03694     20239     35.0011    0.3847  -20.2611   14.7400    0.3846     4904.11      4880      4917      4915
    P20241     20241     34.3821    0.4849  -18.7221   15.6600    0.4848     5207.19      5099      5190      5152
    U03675     20293     34.0252    0.3517  -20.7652   13.2600    0.3515     3785.13      3970      3919      3970
    P20324     20324     34.6509    0.2773  -21.7209   12.9300    0.2771     5858.84      5678      5626      5688
    U03726     20335     34.7284    0.2441  -22.0584   12.6700    0.2439     7803.97      7964      7989      7946
    U03724     20353     34.9711    0.2417  -22.0811   12.8900    0.2414     6012.62      6038      6195      6034
    U03729     20366     34.1178    0.3635  -20.5878   13.5300    0.3634     6426.72      6738      6673      6698
    U03732     20380     34.6734    0.3504  -20.7834   13.8900    0.3503     5435.72      5359      5411      5406
    U03736     20389     35.3184    0.2441  -22.0584   13.2600    0.2439    10041.02     10322     10294     10280
    P20405     20405     34.7855    0.2588  -21.9155   12.8700    0.2586     5740.54      5520      5720      5596
    U03717     20418     33.6537    0.3101  -21.3337   12.3200    0.3099     4195.73      4484      4383      4460
    U03746     20464     35.5463    0.3355  -20.9963   14.5500    0.3354     7782.28      7995      7946      7988
    U03757     20486     35.0885    0.3281  -21.0985   13.9900    0.3279     5621.38      5401      5601      5477
    U03763     20487     35.5558    0.3610  -20.6258   14.9300    0.3609     7282.31      7490      7494      7467
    U03770     20513     34.6580    0.3113  -21.3180   13.3400    0.3111     6537.22      6747      6640      6724
    P20546     20546     32.4831    0.3716  -20.4631   12.0200    0.3715     3195.15      3472      3273      3396
     N2369     20556     32.6174    0.2693  -21.8074   10.8100    0.2691     3366.90      3440      3312      3386
    U03776     20559     33.3807    0.3841  -20.2707   13.1100    0.3840     4015.92      3960      3943      3993
    U03783     20603     35.0678    0.3318  -21.0478   14.0200    0.3316     6342.35      6600      6477      6571
    P20627     20627     35.0078    0.3635  -20.5878   14.4200    0.3634     7357.71      7581      7583      7552
    U03791     20631     34.2814    0.3567  -20.6914   13.5900    0.3565     5233.25      5441      5373      5412
    P20670     20670     33.1336    0.4216  -19.6936   13.4400    0.4215     3579.60      3823      3626      3760
    U03805     20699     34.9245    0.2724  -21.7745   13.1500    0.2722     8470.97      8514      8671      8518
    P20830     20830     34.4721    0.3337  -21.0221   13.4500    0.3335     5311.23      5564      5481      5516
    P20865     20865     32.9145    0.3903  -20.1745   12.7400    0.3902     3346.70      3420      3292      3365
    U03828     20933     32.3696    0.3660  -20.5496   11.8200    0.3659     3583.65      3686      3640      3701
    U03843     20989     34.0732    0.5031  -18.4432   15.6300    0.5030     5456.51      5710      5626      5662
    P21013     21013     35.5549    0.3349  -21.0049   14.5500    0.3347     7737.59      7954      7899      7944
    U03845     21020     32.7527    0.4366  -19.4627   13.2900    0.4365     3137.37      3194      3151      3211
    U03836     21021     33.8307    0.4498  -19.2607   14.5700    0.4497     5243.17      5474      5451      5463
    P21040     21040     34.5769    0.3779  -20.3669   14.2100    0.3777     6162.03      6483      6408      6433
    U03881     21162     33.8794    0.4805  -18.7894   15.0900    0.4804     3157.68      3230      3193      3246
    P21167     21167     32.6517    0.4185  -19.7417   12.9100    0.4184     3394.18      3468      3339      3413
    U03892     21197     35.0889    0.2983  -21.4789   13.6100    0.2981     8301.12      8262      8420      8281
    U03905     21322     33.1959    0.4254  -19.6359   13.5600    0.4252     4892.23      5086      5059      5083
    P21338     21338     32.9668    0.3623  -20.6068   12.3600    0.3621     3052.87      3267      3094      3190
     N2416     21358     33.3609    0.4172  -19.7609   13.6000    0.4171     5293.34      5576      5445      5520
    U03922     21380     35.2680    0.2625  -21.8780   13.3900    0.2623     8880.46      9055      8974      9052
    U03923     21388     34.9390    0.3417  -20.9090   14.0300    0.3416     9076.50      9251      9170      9248
    U03919     21397     34.4160    0.3928  -20.1360   14.2800    0.3927     4919.94      5114      5086      5111
    P21492     21492     35.9451    0.2841  -21.6451   14.3000    0.2839     9436.35      9620      9636      9587
    U03943     21496     33.9010    0.4010  -20.0110   13.8900    0.4008     3600.43      3703      3657      3717
    U03955     21503     34.6776    0.3536  -20.7376   13.9400    0.3534     5323.17      5596      5464      5537
    P21539     21539     34.5427    0.3710  -20.4727   14.0700    0.3709     5284.46      5215      5162      5208
     N2424     21558     33.4251    0.2841  -21.6451   11.7800    0.2839     3499.67      3552      3500      3564
    P21660     21660     33.0827    0.3579  -20.6727   12.4100    0.3578     3024.40      3131      3012      3070
    U03995     21673     33.5012    0.2459  -22.0412   11.4600    0.2457     4934.01      5110      5047      5088
    U03979     21684     34.0997    0.3212  -21.1897   12.9100    0.3211     4110.04      4368      4278      4349
    P21690     21690     33.3792    0.3548  -20.7192   12.6600    0.3547     3072.97      3180      3060      3119
    P21697     21697     34.5969    0.5256  -18.0969   16.5000    0.5256     5254.26      5359      5373      5372
    P21706     21706     34.6635    0.3343  -21.0135   13.6500    0.3341     4945.98      4943      4865      4899
    U04005     21710     34.5539    0.2687  -21.8139   12.7400    0.2685     5283.80      5539      5411      5487
    U03984     21712     33.7354    0.3399  -20.9354   12.8000    0.3397     3918.18      4043      4008      4059
    P21718     21718     34.9138    0.3020  -21.4338   13.4800    0.3018     5252.20      5507      5379      5455
    U04003     21758     35.2006    0.2070  -22.3706   12.8300    0.2067     6715.82      6932      6904      6923
    P21759     21759     33.4585    0.3243  -21.1485   12.3100    0.3242     3539.98      3764      3579      3706
    P21777     21777     34.4053    0.3916  -20.1553   14.2500    0.3915     6091.81      6173      6246      6193
    U04013     21810     34.9141    0.2052  -22.3841   12.5300    0.2049     8829.17      9058      8996      9047
    U04015     21821     34.0501    0.4160  -19.7801   14.2700    0.4158     5780.06      5924      5933      5930
    P21822     21822     33.3468    0.2410  -22.0868   11.2600    0.2408     3475.54      3700      3514      3641
    U04029     21847     33.6687    0.3473  -20.8287   12.8400    0.3472     4582.95      4570      4575      4598
     N2446     21860     33.9983    0.2545  -21.9583   12.0400    0.2543     5769.96      5759      5831      5798
    P21918     21918     34.2577    0.2711  -21.7877   12.4700    0.2709     4969.86      5064      5040      5066
    P21951     21951     34.2893    0.3088  -21.3493   12.9400    0.3087     5323.11      5332      5232      5285
    U04043     21970     33.9197    0.2915  -21.5597   12.3600    0.2913     3505.71      3599      3547      3612
    U04037     22044     34.2195    0.5464  -17.7795   16.4400    0.5463     3350.16      3432      3448      3452
    U04059     22053     34.7592    0.3816  -20.3092   14.4500    0.3815     6642.13      6843      6833      6838
    U04065     22072     34.9442    0.2313  -22.1742   12.7700    0.2311     7593.31      7799      7729      7791
    U04057     22127     33.7989    0.2319  -22.1689   11.6300    0.2317     3852.36      4037      3987      4037
    U04067     22167     34.1793    0.4310  -19.5493   14.6300    0.4309     3490.22      3619      3616      3633
    P22188     22188     33.7297    0.3480  -20.8197   12.9100    0.3478     4824.02      4925      4913      4921
    U04098     22301     34.7969    0.2865  -21.6169   13.1800    0.2864     4967.95      5215      5182      5201
    P22306     22306     33.3576    0.3536  -20.7376   12.6200    0.3534     3762.65      3954      3778      3905
    U04108     22310     34.7751    0.2841  -21.6451   13.1300    0.2839     5822.20      5925      5951      5941
     N2469     22327     32.8849    0.3910  -20.1649   12.7200    0.3908     3579.66      3682      3636      3697
    U04132     22381     34.1756    0.2276  -22.2056   11.9700    0.2274     5404.91      5625      5534      5600
    U04128     22438     34.1622    0.3187  -21.2222   12.9400    0.3186     6053.88      6229      6217      6228
    U04171     22506     34.3141    0.2435  -22.0641   12.2500    0.2433     5136.10      5407      5275      5343
    P22527     22527     34.2109    0.4172  -19.7609   14.4500    0.4171     5544.10      5912      5890      5871
    U04197     22611     34.4344    0.2761  -21.7344   12.7000    0.2759     4827.58      4965      4946      4936
    P22689     22689     35.3740    0.2859  -21.6240   13.7500    0.2858     8875.80      9105      9028      9087
    U04195     22695     34.6543    0.2705  -21.7943   12.8600    0.2703     4939.13      5186      5153      5173
    U04205     22698     35.1778    0.3206  -21.1978   13.9800    0.3205     6986.35      7295      7185      7257
    P22745     22745     34.7651    0.4241  -19.6551   15.1100    0.4240     5223.19      5539      5528      5514
    U04213     22752     34.9183    0.3641  -20.5783   14.3400    0.3640     6877.93      7037      7016      7035
    U04199     22763     33.7261    0.3766  -20.3861   13.3400    0.3765     3644.13      3773      3770      3787
    P22892     22892     35.0097    0.2915  -21.5597   13.4500    0.2913     6437.19      6455      6385      6436
    U04257     22921     33.8758    0.4416  -19.3858   14.4900    0.4415     4378.46      4342      4377      4366
    P22965     22965     34.7301    0.4160  -19.7801   14.9500    0.4158     6122.61      6351      6195      6311
    P22980     22980     34.2065    0.2355  -22.1365   12.0700    0.2353     4890.36      4958      4869      4927
    P22998     22998     35.1336    0.4216  -19.6936   15.4400    0.4215     4904.01      4972      4882      4941
    P23002     23002     34.3554    0.3399  -20.9354   13.4200    0.3397     4590.98      4646      4547      4620
    P23021     23021     34.2721    0.3337  -21.0221   13.2500    0.3335     5519.44      5547      5470      5525
     N2523     23025     33.9371    0.3082  -21.3571   12.5800    0.3080     3869.21      4191      4081      4158
    U04277     23069     34.4396    0.2058  -22.3796   12.0600    0.2055     5587.82      5665      5647      5682
     N2545     23086     33.9524    0.2404  -22.0924   11.8600    0.2402     3613.13      3645      3574      3649
    P23125     23125     34.5601    0.3424  -20.9001   13.6600    0.3422     5423.94      5458      5386      5434
     N2523     23128     33.5965    0.2355  -22.1365   11.4600    0.2353     3517.76      3647      3644      3661
    P23146     23146     34.1579    0.4122  -19.8379   14.3200    0.4121     4495.48      4458      4541      4482
    P23169     23169     33.7859    0.3107  -21.3259   12.4600    0.3105     4513.01      4477      4511      4500
    P23215     23215     33.8711    0.4504  -19.2511   14.6200    0.4503     4564.76      4530      4599      4549
    U04324     23289     33.7000    0.3666  -20.5400   13.1600    0.3665     5054.14      5242      5163      5205
    P23308     23308     33.5860    0.4748  -18.8760   14.7100    0.4747     4695.08      4658      4740      4681
    U04329     23319     33.3114    0.4016  -20.0014   13.3100    0.4015     4337.10      4304      4331      4323
     N2558     23337     34.5328    0.2337  -22.1528   12.3800    0.2335     5237.64      5563      5374      5501
    P23338     23338     34.4269    0.4435  -19.3569   15.0700    0.4434     5268.07      5594      5404      5531
    P23347     23347     33.4268    0.4761  -18.8568   14.5700    0.4760     5094.31      5282      5204      5245
    U04332     23355     34.5193    0.2594  -21.9093   12.6100    0.2592     5722.98      6011      5847      5970
     N2565     23362     33.4698    0.2810  -21.6798   11.7900    0.2808     3816.39      3804      3766      3818
    P23374     23374     34.8669    0.4435  -19.3569   15.5100    0.4434     4473.48      4438      4507      4458
    U04326     23405     34.1184    0.2890  -21.5884   12.5300    0.2888     4739.47      5057      5017      5031
     N2574     23418     33.6526    0.3070  -21.3726   12.2800    0.3068     3140.58      3331      3175      3285
    P23420     23420     33.9168    0.3941  -20.1168   13.8000    0.3940     4378.26      4345      4372      4365
     N2570     23443     34.8892    0.3548  -20.7192   14.1700    0.3547     6803.14      6987      6880      6963
    U04361     23465     33.4416    0.5169  -18.2316   15.2100    0.5168     3978.09      3965      3928      3980
    P23486     23486     33.8964    0.3002  -21.4564   12.4400    0.3000     4882.83      5000      4888      4963
     N2576     23512     35.2635    0.2325  -22.1635   13.1000    0.2323     8576.26      8921      8870      8855
    U04328     23530     34.2533    0.4867  -18.6933   15.5600    0.4866     4007.12      4249      4202      4237
    U04386     23567     34.0362    0.2558  -21.9462   12.0900    0.2556     4886.04      4935      4956      4937
    P23574     23574     33.9325    0.4855  -18.7125   15.2200    0.4854     5002.89      5093      4994      5059
    P23589     23589     35.1434    0.3585  -20.6634   14.4800    0.3584     6214.64      6445      6312      6410
    U04379     23606     34.6197    0.3480  -20.8197   13.8000    0.3478     7530.45      7674      7668      7680
     N2590     23616     33.8844    0.2539  -21.9644   11.9200    0.2537     5274.83      5514      5353      5463
    P23658     23658     32.5222    0.4686  -18.9722   13.5500    0.4685     3075.78      3266      3111      3220
    U04400     23661     34.5849    0.4729  -18.9049   15.6800    0.4728     4633.30      4670      4694      4674
    U04399     23662     33.9162    0.4422  -19.3762   14.5400    0.4421     4719.93      4757      4780      4761
    P23676     23676     35.1552    0.3517  -20.7652   14.3900    0.3515     5639.16      5868      5731      5837
    U04416     23705     34.1056    0.2884  -21.5956   12.5100    0.2882     5771.24      6000      5864      5970
    P23709     23709     34.9742    0.3735  -20.4342   14.5400    0.3734     5530.36      5759      5623      5729
    P23723     23723     32.7230    0.3879  -20.2130   12.5100    0.3877     3077.19      3268      3112      3221
     N2595     23725     33.6004    0.2680  -21.8204   11.7800    0.2679     4578.33      4615      4639      4619
    U04424     23748     34.3529    0.4861  -18.7029   15.6500    0.4860     4686.88      4724      4747      4728
    P23757     23757     34.0605    0.4987  -18.5105   15.5500    0.4986     6696.17      6873      6766      6850
    U04440     23830     36.0876    0.2767  -21.7276   14.3600    0.2765     9779.60     10151     10016     10079
    P23869     23869     34.8300    0.5307  -18.0200   16.8100    0.5306     4900.72      5065      5003      5028
    U04446     23878     34.6214    0.3567  -20.6914   13.9300    0.3565     6263.86      6462      6344      6432
    P23942     23942     34.6713    0.4178  -19.7513   14.9200    0.4177     6224.14      6284      6164      6253
    P23986     23986     35.1289    0.3008  -21.4489   13.6800    0.3006     7233.21      7257      7147      7237
    P23995     23995     35.2037    0.2971  -21.4937   13.7100    0.2969     7190.25      7302      7176      7276
    P24034     24034     35.1145    0.4723  -18.9145   16.2000    0.4722     5014.30      5080      5004      5046
    P24053     24053     33.1576    0.4610  -19.0876   14.0700    0.4609     3077.05      3333      3126      3259
    P24056     24056     33.6448    0.4893  -18.6548   14.9900    0.4891     4811.98      4984      4906      4947
    P24126     24126     33.5366    0.4429  -19.3666   14.1700    0.4428     5271.58      5510      5364      5467
    U04491     24152     33.6614    0.2989  -21.4714   12.1900    0.2987     4396.37      4518      4453      4485
     N2618     24156     34.1961    0.2076  -22.3661   11.8300    0.2073     4323.30      4445      4380      4412
    P24189     24189     34.5696    0.3660  -20.5496   14.0200    0.3659     6210.50      6359      6237      6312
     N2620     24233     35.3384    0.1776  -22.5684   12.7700    0.1773     8095.10      8255      8282      8233
     N2619     24235     34.0183    0.2545  -21.9583   12.0600    0.2543     3709.36      3782      3704      3784
    P24259     24259     34.7389    0.3008  -21.4489   13.2900    0.3006     4627.84      4737      4634      4702
    U04495     24281     35.0641    0.3194  -21.2141   13.8500    0.3192     6710.58      6932      6939      6924
    P24328     24328     33.3930    0.4535  -19.2030   14.1900    0.4534     4411.15      4507      4400      4472
    U04502     24360     33.4425    0.4855  -18.7125   14.7300    0.4854     3324.31      3478      3463      3484
    P24398     24398     33.4614    0.3567  -20.6914   12.7700    0.3565     3128.07      3384      3177      3310
    P24402     24402     33.3163    0.3617  -20.6163   12.7000    0.3615     4190.01      4315      4173      4274
    P24417     24417     33.4309    0.4172  -19.7609   13.6700    0.4171     4877.44      4953      4865      4921
    P24525     24525     34.8142    0.2313  -22.1742   12.6400    0.2311     6015.26      6145      6048      6103
    P24558     24558     33.4398    0.2662  -21.8398   11.6000    0.2660     3755.14      3912      3752      3867
    P24649     24649     34.3986    0.3032  -21.4186   12.9800    0.3031     5987.93      6118      6021      6075
      U145     24685     33.8894    0.1687  -22.6194   11.2700    0.1684     4881.07      4959      4873      4924
    P24778     24778     33.0268    0.3941  -20.1168   12.9100    0.3940     3212.02      3357      3220      3323
    U04625     24830     35.5524    0.2921  -21.5524   14.0000    0.2919     8781.02      8839      8830      8822
    P24840     24840     33.1130    0.5357  -17.9430   15.1700    0.5356     3705.23      3884      3714      3832
    U04640     24893     33.6577    0.3467  -20.8377   12.8200    0.3466     3613.07      3681      3612      3666
    P24967     24967     34.4247    0.4235  -19.6647   14.7600    0.4234     4961.79      5053      4964      5012
    P25053     25053     34.8064    0.3935  -20.1264   14.6800    0.3933     5434.95      5590      5447      5534
     N2713     25161     33.3789    0.1758  -22.5789   10.8000    0.1755     4224.59      4348      4236      4314
    P25197     25197     34.1107    0.3486  -20.8107   13.3000    0.3484     5175.17      5305      5189      5268
     N2722     25221     33.1992    0.3654  -20.5592   12.6400    0.3653     3073.70      3243      3088      3203
    P25223     25223     35.2283    0.2545  -21.9583   13.2700    0.2543     9726.89      9625      9558      9622
    P25264     25264     34.2604    0.3673  -20.5304   13.7300    0.3671     6125.83      6288      6157      6240
    U04697     25275     34.1097    0.5137  -18.2797   15.8300    0.5136     3795.98      4074      3986      4052
    P25300     25300     34.4807    0.5319  -18.0007   16.4800    0.5318     5057.54      5149      5060      5108
    U04717     25305     34.6699    0.3554  -20.7099   13.9600    0.3553     5026.15      5106      5096      5119
    U04719     25308     34.2024    0.2521  -21.9824   12.2200    0.2519     5235.78      5367      5312      5369
    P25344     25344     34.5078    0.3635  -20.5878   13.9200    0.3634     6095.13      6233      6123      6199
    P25346     25346     34.6324    0.5018  -18.4624   16.1700    0.5017     5520.48      5674      5547      5620
    U04727     25369     33.9308    0.5156  -18.2508   15.6800    0.5155     3357.49      3551      3478      3545
    P25412     25412     34.6842    0.5213  -18.1642   16.5200    0.5212     3855.52      3988      3851      3943
    P25423     25423     33.8174    0.3629  -20.5974   13.2200    0.3628     4559.68      4639      4575      4640
    U04768     25506     35.7589    0.2983  -21.4789   14.2800    0.2981     8594.13      8657      8600      8639
    P25527     25527     34.3311    0.3685  -20.5111   13.8200    0.3684     5022.30      5095      5028      5043
    P25539     25539     34.9069    0.2909  -21.5669   13.3400    0.2907     6792.18      6943      6801      6905
    P25558     25558     33.6109    0.2773  -21.7209   11.8900    0.2771     4770.44      4744      4679      4705
    P25563     25563     34.2876    0.3791  -20.3476   13.9400    0.3790     4079.34      4183      4062      4150
    P25585     25585     34.4384    0.2890  -21.5884   12.8500    0.2888     6161.95      6282      6194      6243
    P25674     25674     34.3969    0.2865  -21.6169   12.7800    0.2864     5889.69      6008      5826      5956
    P25694     25694     35.2227    0.3710  -20.4727   14.7500    0.3709     8057.89      7969      7852      7967
    P25732     25732     33.8768    0.2607  -21.8968   11.9800    0.2605     5146.50      5167      5120      5123
    P25774     25774     35.3879    0.2933  -21.5379   13.8500    0.2932     8533.00      8602      8522      8581
    P25822     25822     33.7389    0.5125  -18.2989   15.4400    0.5124     3102.38      3269      3076      3208
    P26056     26056     33.4007    0.4498  -19.2607   14.1400    0.4497     3081.16      3247      3054      3187
    P26057     26057     34.0621    0.3337  -21.0221   13.0400    0.3335     5472.74      5664      5506      5603
    U04872     26086     35.3210    0.2853  -21.6310   13.6900    0.2851     8433.73      8749      8748      8697
    P26101     26101     34.5243    0.2508  -21.9943   12.5300    0.2506     5280.12      5399      5277      5378
    P26102     26102     33.9653    0.3916  -20.1553   13.8100    0.3915     4996.69      5155      5031      5089
    P26135     26135     35.0558    0.4416  -19.3858   15.6700    0.4415     5492.48      5684      5526      5622
    U04847     26154     33.4116    0.5169  -18.2316   15.1800    0.5168     3777.88      3996      3959      3988
    P26168     26168     34.7052    0.3268  -21.1152   13.5900    0.3267     5349.10      5476      5383      5432
    P26245     26245     34.9078    0.3318  -21.0478   13.8600    0.3316     7876.39      7971      7799      7946
    P26383     26383     33.2996    0.3660  -20.5496   12.7500    0.3659     3532.62      3577      3430      3526
    P26411     26411     34.0079    0.2933  -21.5379   12.4700    0.2932     3768.97      3853      3743      3825
    P26439     26439     35.1039    0.2995  -21.4639   13.6400    0.2994     6225.98      6351      6249      6308
    P26476     26476     34.1392    0.3654  -20.5592   13.5800    0.3653     4956.76      5064      4959      4998
     N2862     26690     34.1461    0.2022  -22.4061   11.7400    0.2019     4374.64      4445      4362      4442
    P26731     26731     33.3521    0.4191  -19.7321   13.6200    0.4190     3199.45      3390      3362      3387
     N2874     26740     32.9359    0.2952  -21.5159   11.4200    0.2950     4100.57      4182      4095      4166
     N2870     26856     33.4546    0.3448  -20.8646   12.5900    0.3447     3354.74      3596      3496      3577
    P26874     26874     33.8868    0.3529  -20.7468   13.1400    0.3528     4169.76      4288      4167      4245
    P26907     26907     33.2963    0.3355  -20.9963   12.3000    0.3354     4992.79      5041      4987      4985
    P26966     26966     33.9778    0.3206  -21.1978   12.7800    0.3205     4639.70      4731      4632      4719
    P27054     27054     34.3146    0.3598  -20.6446   13.6700    0.3596     4703.46      4851      4726      4804
    U05078     27059     34.3235    0.5200  -18.1835   16.1400    0.5199     3555.11      3627      3541      3612
    U05082     27088     33.1471    0.4110  -19.8571   13.2900    0.4108     3513.62      3579      3507      3568
    P27158     27158     33.0883    0.3641  -20.5783   12.5100    0.3640     3005.84      3100      2936      3061
     N2921     27214     33.4269    0.2674  -21.8269   11.6000    0.2672     3299.28      3407      3251      3365
    P27293     27293     34.0987    0.3972  -20.0687   14.0300    0.3971     7848.94      7953      7978      7942
    U05111     27358     34.4004    0.2791  -21.7004   12.7000    0.2790     6827.28      6923      6969      6940
     N2922     27361     33.3368    0.3941  -20.1168   13.2200    0.3940     4611.22      4662      4601      4672
    U05121     27371     35.2024    0.3436  -20.8824   14.3200    0.3435     8901.07      9111      9142      9042
    P27388     27388     35.0429    0.2816  -21.6729   13.3700    0.2814     7065.52      7145      7179      7152
    P27425     27425     34.7151    0.2841  -21.6451   13.0700    0.2839     5715.63      5783      5715      5753
    U05129     27437     34.2485    0.3243  -21.1485   13.1000    0.3242     4350.88      4421      4338      4418
     N2939     27451     32.8156    0.3455  -20.8556   11.9600    0.3453     3663.88      3742      3641      3725
    P27479     27479     34.4846    0.4397  -19.4146   15.0700    0.4396     8730.54      8759      8944      8750
    P27510     27510     34.3203    0.3181  -21.2303   13.0900    0.3180     4672.43      4723      4648      4730
     N2948     27518     34.1141    0.2779  -21.7141   12.4000    0.2777     5319.45      5360      5277      5349
    U05147     27549     34.6965    0.4592  -19.1165   15.5800    0.4591     6085.52      5971      6009      6011
    U05148     27558     34.3827    0.3579  -20.6727   13.7100    0.3578     6226.81      6258      6176      6253
    U05149     27570     34.7891    0.4635  -19.0491   15.7400    0.4634     5036.50      5073      4968      5075
    P27606     27606     32.8669    0.3274  -21.1069   11.7600    0.3273     3119.98      3340      3089      3260
    P27634     27634     35.1040    0.4222  -19.6840   15.4200    0.4221     7048.62      7139      7133      7138
    P27640     27640     35.4303    0.3063  -21.3803   14.0500    0.3062    10501.55     10869     10751     10795
    U05157     27641     33.4576    0.3791  -20.3476   13.1100    0.3790     5030.43      5108      5058      5117
     N2955     27666     34.5082    0.2331  -22.1582   12.3500    0.2329     7265.31      7543      7450      7501
    U05173     27681     34.6524    0.2521  -21.9824   12.6700    0.2519     6569.60      6602      6522      6597
    U05177     27711     34.8004    0.4329  -19.5204   15.2800    0.4327     5400.12      5415      5332      5414
    P27727     27727     35.6609    0.2773  -21.7209   13.9400    0.2771     9518.82      9719      9679      9711
    P27735     27735     33.7263    0.3312  -21.0563   12.6700    0.3310     4817.55      4854      4747      4838
    P27774     27774     33.5482    0.4291  -19.5782   13.9700    0.4290     3957.49      4047      3950      4008
    U05192     27796     34.2934    0.3045  -21.4034   12.8900    0.3043     5206.09      5242      5137      5244
     N2980     27799     34.2241    0.2435  -22.0641   12.1600    0.2433     6093.81      6168      6101      6137
    P27810     27810     33.5123    0.3704  -20.4823   13.0300    0.3702     3047.31      3132      2975      3102
    U05194     27826     35.8084    0.3175  -21.2384   14.5700    0.3173     8774.36      9209      9049      9131
     N2977     27845     33.0801    0.3424  -20.9001   12.1800    0.3422     3094.00      3362      3309      3344
    U05215     27946     34.5674    0.2693  -21.8074   12.7600    0.2691     5820.30      5830      5750      5827
     N2989     27962     33.7047    0.3305  -21.0647   12.6400    0.3304     4484.26      4718      4542      4648
    U05218     27968     34.0733    0.4867  -18.6933   15.3800    0.4866     3424.19      3516      3413      3498
     N2987     27981     33.4854    0.3399  -20.9354   12.5500    0.3397     4082.02      4154      4025      4135
    U05210     28018     34.3065    0.3772  -20.3765   13.9300    0.3771     4525.08      4851      4776      4821
     N2990     28026     33.1867    0.3461  -20.8467   12.3400    0.3459     3416.59      3508      3405      3490
    P28033     28033     34.3783    0.2545  -21.9583   12.4200    0.2543     6329.23      6356      6310      6345
    P28034     28034     35.0518    0.3860  -20.2418   14.8100    0.3858     6322.43      6353      6272      6345
    P28053     28053     34.2784    0.3804  -20.3284   13.9500    0.3802     4808.27      5057      4885      4978
    U05234     28081     34.1356    0.2884  -21.5956   12.5400    0.2882     6338.19      6324      6264      6332
    U05235     28088     35.4302    0.3119  -21.3102   14.1200    0.3118     7593.99      7623      7633      7625
    P28117     28117     33.7615    0.3218  -21.1815   12.5800    0.3217     4633.78      4909      4731      4823
    U05237     28126     34.3459    0.4091  -19.8859   14.4600    0.4090     4895.98      4978      4929      4986
    U05240     28128     34.9907    0.3560  -20.7007   14.2900    0.3559     7228.00      7278      7262      7280
    P28147     28147     32.4753    0.3916  -20.1553   12.3200    0.3915     3120.65      3083      2984      3066
    P28159     28159     35.0891    0.2386  -22.1091   12.9800    0.2384     6179.06      6165      6105      6172
     N2998     28196     33.9036    0.2798  -21.6936   12.2100    0.2796     4992.97      5041      4995      5055
    U05244     28197     33.5604    0.4491  -19.2704   14.2900    0.4490     3135.33      3386      3300      3366
     N3029     28206     34.4678    0.3411  -20.9178   13.5500    0.3410     6944.36      7135      6914      7082
    P28224     28224     33.7367    0.4103  -19.8667   13.8700    0.4102     5044.44      5321      5113      5239
    P28246     28246     32.9652    0.2927  -21.5452   11.4200    0.2926     3204.54      3367      3170      3302
    U05258     28248     34.3780    0.3797  -20.3380   14.0400    0.3796     6249.86      6236      6176      6243
    U05267     28274     34.5055    0.2588  -21.9155   12.5900    0.2586     5981.18      5985      5906      5984
    P28283     28283     32.6841    0.2779  -21.7141   10.9700    0.2777     3184.69      3147      3048      3130
    U05286     28366     34.5603    0.3063  -21.3803   13.1800    0.3062     5533.51      5501      5439      5509
     N3038     28376     32.8469    0.2453  -22.0469   10.8000    0.2451     3107.53      3070      2971      3052
    P28403     28403     33.9031    0.3716  -20.4631   13.4400    0.3715     4345.79      4494      4370      4441
    P28416     28416     32.7155    0.4247  -19.6455   13.0700    0.4246     3245.15      3407      3210      3343
    P28461     28461     34.3256    0.4742  -18.8856   15.4400    0.4741     4842.03      5078      4934      4994
    P28511     28511     35.8183    0.3641  -20.5783   15.2400    0.3640     9411.16      9664      9587      9590
    P28534     28534     34.1046    0.3741  -20.4246   13.6800    0.3740     4898.40      5139      4976      5050
    U05320     28557     34.2221    0.3573  -20.6821   13.5400    0.3572     4444.84      4479      4383      4482
     N3052     28570     33.0915    0.3218  -21.1815   11.9100    0.3217     4122.37      4250      4157      4198
    P28656     28656     35.7847    0.2301  -22.1847   13.6000    0.2298     9706.23      9695      9763      9662
    P28667     28667     34.3714    0.3854  -20.2514   14.1200    0.3852     3629.01      3623      3598      3603
     N3043     28672     32.7752    0.4078  -19.9052   12.8700    0.4077     3143.14      3393      3307      3374
     N3060     28680     34.0404    0.2533  -21.9704   12.0700    0.2531     4009.80      4084      3982      4073
    U05341     28700     35.1291    0.2003  -22.4191   12.7100    0.2001     7887.54      7937      7945      7934
    P28718     28718     34.5318    0.1836  -22.5318   12.0000    0.1833     6382.02      6412      6375      6390
    P28734     28734     33.6101    0.4160  -19.7801   13.8300    0.4158     4589.05      4632      4525      4612
    P28840     28840     32.0398    0.4153  -19.7898   12.2500    0.4152     3137.38      3099      3001      3082
    P28855     28855     33.4033    0.4047  -19.9533   13.4500    0.4046     3279.57      3405      3186      3352
     N3089     28882     32.4856    0.3455  -20.8556   11.6300    0.3453     3041.95      2971      2892      2958
    P28918     28918     34.2853    0.3754  -20.4053   13.8800    0.3752     4930.95      4938      4853      4925
     N3095     28919     32.6360    0.2822  -21.6660   10.9700    0.2820     3045.48      3008      2909      2990
    U05378     28949     33.8672    0.3947  -20.1072   13.7600    0.3946     4512.23      4556      4433      4545
    P29022     29022     34.6446    0.4560  -19.1646   15.4800    0.4559     4073.43      4178      4166      4113
    P29096     29096     33.1685    0.3144  -21.2785   11.8900    0.3142     3280.51      3406      3187      3353
    P29136     29136     34.2421    0.3337  -21.0221   13.2200    0.3335     5212.66      5377      5223      5326
    P29157     29157     32.3882    0.4291  -19.5782   12.8100    0.4290     3051.47      3014      2915      2996
    P29179     29179     32.9871    0.3082  -21.3571   11.6300    0.3080     3128.53      3092      2967      3075
    P29181     29181     35.2170    0.2088  -22.3570   12.8600    0.2086     9458.91      9498      9307      9456
    P29203     29203     32.3695    0.3985  -20.0495   12.3200    0.3983     3159.80      3122      3023      3105
    P29214     29214     34.1884    0.2515  -21.9884   12.2000    0.2513     6229.38      6382      6226      6313
    U05402     29271     35.8406    0.2070  -22.3706   13.4700    0.2067     9121.93      9268      9300      9278
    P29281     29281     33.8434    0.3885  -20.2034   13.6400    0.3883     3410.70      3405      3380      3385
    P29393     29393     33.2632    0.3299  -21.0732   12.1900    0.3298     4187.84      4185      4070      4153
    P29405     29405     34.8383    0.2545  -21.9583   12.8800    0.2543     5484.82      5512      5428      5492
     N3131     29499     34.2856    0.2276  -22.2056   12.0800    0.2274     5427.26      5348      5290      5370
    P29577     29577     35.4904    0.2282  -22.2004   13.2900    0.2280     9918.23      9899      9807      9877
    U05489     29631     33.9304    0.2791  -21.7004   12.2300    0.2790     4147.57      4203      4103      4199
    P29641     29641     33.4616    0.5169  -18.2316   15.2300    0.5168     3047.53      3010      2911      2992
     N3157     29691     32.5157    0.3760  -20.3957   12.1200    0.3759     3168.88      3131      3032      3114
     N3153     29747     32.9048    0.4072  -19.9148   12.9900    0.4071     3150.04      3268      3147      3246
    P29778     29778     35.1778    0.2576  -21.9278   13.2500    0.2574     8945.23      8740      8745      8751
    P29781     29781     34.4959    0.4091  -19.8859   14.6100    0.4090     5712.69      5814      5679      5778
    P29841     29841     33.8823    0.3125  -21.3023   12.5800    0.3124     3960.07      4065      4053      4000
    P29853     29853     33.5716    0.5169  -18.2316   15.3400    0.5168     3068.50      3031      2932      3013
    P29888     29888     34.0796    0.3660  -20.5496   13.5300    0.3659     4490.54      4866      4614      4757
    P29898     29898     32.7267    0.4103  -19.8667   12.8600    0.4102     3313.48      3397      3224      3348
    P29903     29903     34.6437    0.2971  -21.4937   13.1500    0.2969     4527.12      4903      4651      4794
     N3144     29949     34.7744    0.2761  -21.7344   13.0400    0.2759     6501.73      6653      6692      6658
    U05537     29956     33.9860    0.3928  -20.1360   13.8500    0.3927     4109.25      4160      4031      4148
     N3178     29980     33.1053    0.3916  -20.1553   12.9500    0.3915     3841.64      3822      3838      3805
    P29993     29993     32.5869    0.2909  -21.5669   11.0200    0.2907     3249.31      3333      3160      3284
     N3200     30108     33.5165    0.2203  -22.2665   11.2500    0.2201     3878.23      3799      3944      3785
    P30231     30231     32.5202    0.3997  -20.0302   12.4900    0.3996     3025.36      2822      2821      2811
    P30257     30257     35.7764    0.2240  -22.2364   13.5400    0.2237    10322.26     10275     10175     10259
     N3221     30358     33.3595    0.2307  -22.1795   11.1800    0.2304     4428.58      4453      4351      4457
    P30487     30487     33.7856    0.4085  -19.8956   13.8900    0.4083     5640.60      5641      5554      5630
    P30492     30492     33.2594    0.4968  -18.5394   14.7200    0.4967     4227.84      4478      4351      4369
     N3241     30498     33.3562    0.2558  -21.9462   11.4100    0.2556     3349.81      3354      3301      3323
    P30500     30500     35.3476    0.2767  -21.7276   13.6200    0.2765    11565.89     11443     11426     11455
    P30534     30534     33.1357    0.3051  -21.3957   11.7400    0.3049     3060.67      2857      2856      2846
    P30646     30646     34.0131    0.2601  -21.9031   12.1100    0.2599     4826.93      4781      4714      4756
    P30667     30667     34.8099    0.3829  -20.2899   14.5200    0.3827     5869.49      6058      5824      6006
    P30688     30688     34.4788    0.3810  -20.3188   14.1600    0.3809     6056.90      6245      6012      6193
    P30716     30716     33.0368    0.3529  -20.7468   12.2900    0.3528     3448.69      3532      3359      3484
    P30753     30753     33.7366    0.3405  -20.9266   12.8100    0.3403     4217.65      4481      4315      4384
    P30759     30759     34.2263    0.3355  -20.9963   13.2300    0.3354     5150.51      5253      5119      5211
     N3256     30867     32.5797    0.3480  -20.8197   11.7600    0.3478     3006.05      2803      2802      2792
    U05687     30885     33.8190    0.4141  -19.8090   14.0100    0.4140     3926.48      3986      3857      3970
     N3251     30892     34.1626    0.2650  -21.8526   12.3100    0.2648     5397.65      5234      5200      5273
    P30912     30912     33.8897    0.5137  -18.2797   15.6100    0.5136     4276.23      4678      4416      4540
    P30915     30915     33.8633    0.4047  -19.9533   13.9100    0.4046     4157.53      4207      4289      4131
    U05698     30971     35.7829    0.2816  -21.6729   14.1100    0.2814     8932.65      9283      9157      9234
    P30976     30976     32.3422    0.4686  -18.9722   13.3700    0.4685     3386.94      3470      3297      3422
    P31058     31058     33.7421    0.4028  -19.9821   13.7600    0.4027     4156.91      4398      4251      4291
     N3270     31059     34.2889    0.2319  -22.1689   12.1200    0.2317     6573.72      6488      6563      6526
     N3278     31068     32.4052    0.3517  -20.7652   11.6400    0.3515     3299.28      3359      3193      3323
    P31084     31084     34.0154    0.3399  -20.9354   13.0800    0.3397     5197.95      5355      5192      5279
    P31097     31097     33.7948    0.4893  -18.6548   15.1400    0.4891     4266.57      4508      4360      4401
    P31126     31126     32.6213    0.4178  -19.7513   12.8700    0.4177     4056.26      4105      4188      4029
    P31154     31154     33.9260    0.2264  -22.2160   11.7100    0.2262     3954.54      4086      4069      3992
    P31184     31184     35.4511    0.3847  -20.2611   15.1900    0.3846    10179.48     10333     10345     10266
    P31186     31186     33.9026    0.3872  -20.2226   13.6800    0.3871     4121.58      4171      4253      4095
     N3285     31217     33.6205    0.1854  -22.5205   11.1000    0.1851     3740.16      3633      3759      3628
    P31238     31238     33.9972    0.4604  -19.0972   14.9000    0.4603     3092.64      2827      2839      2870
    P31242     31242     34.0359    0.2952  -21.5159   12.5200    0.2950     3832.88      3964      3947      3870
    P31276     31276     33.4414    0.3854  -20.2514   13.1900    0.3852     4770.69      5119      4857      5014
     N3285     31293     33.3031    0.3716  -20.4631   12.8400    0.3715     3372.53      3271      3304      3267
     N3366     31335     33.0800    0.2294  -22.1900   10.8900    0.2292     3180.18      3211      3049      3187
    P31345     31345     34.2425    0.3498  -20.7925   13.4500    0.3497     5434.73      5475      5347      5451
    P31355     31355     33.8223    0.5344  -17.9623   15.8600    0.5343     3245.46      2979      2991      3023
    U05751     31388     34.8145    0.3163  -21.2545   13.5600    0.3161     7359.05      7498      7395      7477
    P31485     31485     34.7106    0.2613  -21.8906   12.8200    0.2611     6451.45      6560      6353      6520
    P31493     31493     32.8215    0.3218  -21.1815   11.6400    0.3217     3193.04      3046      3028      3064
    P31494     31494     33.7888    0.4629  -19.0588   14.7300    0.4628     3898.98      3948      4030      3872
     N3312     31513     33.6334    0.1895  -22.4934   11.1400    0.1893     3203.07      2937      2949      2980
    P31557     31557     33.9877    0.1991  -22.4277   11.5600    0.1989     3699.47      3593      3718      3588
    P31590     31590     33.8888    0.3810  -20.3188   13.5700    0.3809     3708.30      3729      3791      3679
    P31593     31593     33.9468    0.3237  -21.1568   12.7900    0.3236     4726.86      5164      4834      5053
    P31626     31626     34.2849    0.3910  -20.1649   14.1200    0.3908     4731.99      5169      4839      5058
    P31642     31642     32.8640    0.4222  -19.6840   13.1800    0.4221     3807.77      3829      3890      3779
    P31677     31677     33.3990    0.2828  -21.6590   11.7400    0.2827     4102.97      4234      4217      4140
    P31683     31683     33.7956    0.3455  -20.8556   12.9400    0.3453     3428.41      3322      3447      3317
    P31690     31690     33.6858    0.4416  -19.3858   14.3000    0.4415     4223.92      4608      4348      4473
     N3333     31723     33.7067    0.2804  -21.6867   12.0200    0.2802     4486.14      4698      4546      4617
    P31732     31732     33.7846    0.5219  -18.1546   15.6300    0.5218     4110.34      4397      4257      4256
    P31738     31738     32.7701    0.4322  -19.5301   13.2400    0.4321     3732.79      3754      3815      3704
     N3347     31761     32.7425    0.3498  -20.7925   11.9500    0.3497     3107.58      2897      2911      2919
    P31804     31804     34.0153    0.3916  -20.1553   13.8600    0.3915     4075.19      4245      4184      4142
    P31805     31805     33.4760    0.3200  -21.2060   12.2700    0.3198     5093.11      5436      5134      5354
    P31809     31809     32.9888    0.5288  -18.0488   14.9400    0.5287     4089.14      4376      4236      4235
    P31812     31812     35.5378    0.2748  -21.7478   13.7900    0.2746    10275.58     10260     10165     10237
    P31829     31829     33.6666    0.4266  -19.6166   14.0500    0.4265     4791.82      5229      4899      5118
     N3347     31875     33.1876    0.3536  -20.7376   12.4500    0.3534     3508.61      3664      3456      3602
    P31880     31880     35.2330    0.1818  -22.5430   12.6900    0.1815     9883.75      9814      9701      9792
    P31929     31929     33.2489    0.5125  -18.2989   14.9500    0.5124     3908.08      3871      3986      3837
    P31951     31951     34.4540    0.2859  -21.6240   12.8300    0.2858     4872.08      5309      4979      5198
     N3358     31974     33.1112    0.2185  -22.2812   10.8300    0.2183     3276.29      3066      3080      3088
    P31978     31978     33.8893    0.4310  -19.5493   14.3400    0.4309     5103.64      5119      5021      5100
    P31981     31981     33.5829    0.4041  -19.9629   13.6200    0.4040     3811.99      3833      3895      3783
    P31987     31987     33.9133    0.3225  -21.1733   12.7400    0.3223     4083.10      4370      4230      4229
    P31995     31995     32.9644    0.3132  -21.2944   11.6700    0.3130     3252.26      3312      3146      3276
     N3356     32021     33.9915    0.3218  -21.1815   12.8100    0.3217     6540.25      6452      6456      6468
    P32039     32039     32.9172    0.3947  -20.1072   12.8100    0.3946     3264.87      3118      3100      3136
    P32064     32064     33.7897    0.4316  -19.5397   14.2500    0.4315     4241.20      4603      4365      4476
    P32100     32100     34.0937    0.4711  -18.9337   15.1600    0.4710     4093.53      4263      4203      4160
    P32109     32109     33.9977    0.4448  -19.3377   14.6600    0.4446     6147.09      5916      5992      5968
    P32184     32184     33.5588    0.4466  -19.3088   14.2500    0.4465     4544.29      4759      4601      4680
    U05897     32251     33.0695    0.3822  -20.2995   12.7700    0.3821     3070.06      3183      3043      3162
    U05904     32321     34.4462    0.2252  -22.2262   12.2200    0.2250     6658.55      6786      6803      6796
     N3409     32470     34.7233    0.3225  -21.1733   13.5500    0.3223     6523.35      6599      6398      6567
    P32473     32473     34.5660    0.3200  -21.2060   13.3600    0.3198     5090.05      5214      5080      5150
     N3431     32531     34.3921    0.2835  -21.6521   12.7400    0.2833     5746.57      5930      5691      5878
     N3419     32540     33.4797    0.4316  -19.5397   13.9400    0.4315     3423.61      3519      3388      3504
    P32565     32565     34.3616    0.3492  -20.8016   13.5600    0.3491     5085.26      5326      5100      5240
     N3449     32666     33.2328    0.2337  -22.1528   11.0800    0.2335     3612.39      3673      3567      3618
    U06008     32705     34.8840    0.2570  -21.9340   12.9500    0.2568     7870.68      8107      8044      8083
    P32753     32753     35.0110    0.2853  -21.6310   13.3800    0.2851     6923.71      6918      6800      6907
     N3464     32778     33.4497    0.2915  -21.5597   11.8900    0.2913     4093.49      4056      4171      4022
     N3459     32782     33.7585    0.3144  -21.2785   12.4800    0.3142     3029.68      2966      2852      2958
     N3463     32813     33.9879    0.2933  -21.5379   12.4500    0.2932     4301.34      4718      4413      4605
    P32869     32869     33.9492    0.3324  -21.0392   12.9100    0.3323     3672.55      3681      3695      3646
    P32985     32985     34.7432    0.3299  -21.0732   13.6700    0.3298     7053.38      7022      6913      7016
    P33034     33034     33.2778    0.3411  -20.9178   12.3600    0.3410     3135.32      2863      2879      2884
     N3479     33053     34.3584    0.2890  -21.5884   12.7700    0.2888     4906.49      5047      4870      4996
     N3478     33101     34.6215    0.2221  -22.2515   12.3700    0.2219     6896.66      6834      6898      6877
    P33108     33108     33.5148    0.4072  -19.9148   13.6000    0.4071     3415.20      3362      3322      3356
    P33167     33167     35.1564    0.2527  -21.9764   13.1800    0.2525     8567.22      8826      8592      8745
    P33329     33329     33.7559    0.4091  -19.8859   13.8700    0.4090     4317.87      4649      4416      4542
    P33349     33349     33.2334    0.3885  -20.2034   13.0300    0.3883     3978.66      4161      4082      4058
    U06121     33388     34.9492    0.3548  -20.7192   14.2300    0.3547     6723.22      6610      6649      6659
    P33401     33401     34.9270    0.2088  -22.3570   12.5700    0.2086     8451.46      8575      8416      8515
    P33474     33474     33.1076    0.5432  -17.8276   15.2800    0.5431     3476.51      3537      3432      3482
    P33552     33552     33.7850    0.3747  -20.4150   13.3700    0.3746     3898.50      3797      3908      3794
    P33555     33555     35.1264    0.3138  -21.2864   13.8400    0.3136     7584.42      7479      7471      7484
    P33601     33601     32.9414    0.3014  -21.4414   11.5000    0.3012     3196.27      2920      2984      2959
     N3533     33647     33.0980    0.3057  -21.3880   11.7100    0.3056     3445.13      3505      3400      3451
    P33659     33659     34.8967    0.4103  -19.8667   15.0300    0.4102     4672.27      4664      4590      4645
    P33745     33745     34.5806    0.2940  -21.5306   13.0500    0.2938     4683.57      4689      4575      4654
    U06216     33930     34.7781    0.2847  -21.6381   13.1400    0.2845     6166.18      5986      6037      6024
    P33941     33941     32.4510    0.4667  -19.0011   13.4500    0.4666     3314.85      3194      3183      3196
    P33962     33962     32.8783    0.3966  -20.0783   12.8000    0.3965     3088.63      2562      2730      2654
     N3549     33964     33.1956    0.2884  -21.5956   11.6000    0.2882     3038.59      3332      3235      3301
     N3544     34028     33.5747    0.2301  -22.1847   11.3900    0.2298     4106.40      4071      4083      4052
    P34275     34275     34.9357    0.3760  -20.3957   14.5400    0.3759     8112.76      8268      8118      8203
    P34292     34292     33.0368    0.3623  -20.6068   12.4300    0.3621     3717.34      3724      3788      3678
    P34362     34362     33.3423    0.3704  -20.4823   12.8600    0.3702     3350.01      3229      3218      3231
    P34428     34428     33.6202    0.3997  -20.0302   13.5900    0.3996     3994.66      3960      3971      3940
    P34487     34487     34.6932    0.3299  -21.0732   13.6200    0.3298     7532.82      7530      7356      7505
    P34519     34519     33.4956    0.3455  -20.8556   12.6400    0.3453     3407.24      3448      3286      3398
     N3635     34717     34.4725    0.3156  -21.2625   13.2100    0.3155     7193.92      7171      7092      7160
    P34832     34832     35.1767    0.3461  -20.8467   14.3300    0.3459     9268.46      9162      9115      9154
    P34943     34943     34.5524    0.2921  -21.5524   13.0000    0.2919     5510.79      5594      5488      5539
    P35073     35073     33.4780    0.3797  -20.3380   13.1400    0.3796     5755.56      5751      5612      5734
     M1294     35165     31.5026    0.5351  -17.9526   13.5500    0.5350     3134.57      3163      3024      3144
    P35288     35288     32.9037    0.3891  -20.1937   12.7100    0.3890     3343.32      3223      3211      3225
    P35323     35323     35.0878    0.3411  -20.9178   14.1700    0.3410     6467.12      5978      6181      6085
    U06478     35335     35.0692    0.3816  -20.3092   14.7600    0.3815     6167.92      5665      5760      5757
    P35341     35341     33.7544    0.4066  -19.9244   13.8300    0.4065     3480.12      3359      3348      3361
     N3697     35347     34.7552    0.2288  -22.1952   12.5600    0.2286     6598.17      6474      6612      6562
    P35434     35434     34.3687    0.3473  -20.8287   13.5400    0.3472     8052.37      7932      7757      7925
    P35469     35469     34.6566    0.3405  -20.9266   13.7300    0.3403     6652.37      6679      6560      6653
    P35584     35584     34.4847    0.4235  -19.6647   14.8200    0.4234     6895.06      7017      6861      6975
    P35622     35622     34.8326    0.3872  -20.2226   14.6100    0.3871     6464.80      5976      6179      6083
    P35664     35664     34.3221    0.3573  -20.6821   13.6400    0.3572     6789.67      6860      6728      6824
    U06546     35701     34.5344    0.4066  -19.9244   14.6100    0.4065     6097.77      5583      5701      5674
    P35704     35704     34.2690    0.4141  -19.8090   14.4600    0.4140     4032.47      3976      3960      3964
    P35721     35721     35.8262    0.2656  -21.8462   13.9800    0.2654     8422.68      8754      8556      8691
    P35776     35776     33.2785    0.4297  -19.5685   13.7100    0.4296     3545.60      3668      3514      3595
    P35784     35784     34.6411    0.3847  -20.2611   14.3800    0.3846     7164.89      7392      7389      7342
    P35823     35823     35.5068    0.3529  -20.7468   14.7600    0.3528     6988.54      7215      7212      7165
    P35927     35927     34.3674    0.3629  -20.5974   13.7700    0.3628     5397.94      5336      5246      5329
    P35934     35934     34.0536    0.2798  -21.6936   12.3600    0.2796     4996.32      4872      4793      4882
    U06583     35942     34.8410    0.3039  -21.4110   13.4300    0.3037     6543.43      5879      6108      6021
    P35946     35946     35.3385    0.3243  -21.1485   14.1900    0.3242     8523.16      8534      8389      8504
    P35954     35954     32.8922    0.3866  -20.2322   12.6600    0.3865     3121.13      2712      2842      2764
    P35973     35973     35.6032    0.2946  -21.5232   14.0800    0.2944     8069.40      8482      8303      8398
    P35978     35978     34.9380    0.3797  -20.3380   14.6000    0.3796     7188.50      7473      7488      7411
    P35995     35995     34.1425    0.4855  -18.7125   15.4300    0.4854     6629.36      6701      6756      6706
    P36023     36023     34.8591    0.4798  -18.7991   16.0600    0.4797     6527.54      5863      6092      6005
    P36094     36094     33.7206    0.4003  -20.0206   13.7000    0.4002     3981.31      3935      3853      3902
    P36097     36097     34.4344    0.3132  -21.2944   13.1400    0.3130     6981.68      7063      6910      7017
    P36132     36132     34.6369    0.3779  -20.3669   14.2700    0.3777     7112.90      7393      7371      7332
    P36240     36240     32.8746    0.3448  -20.8646   12.0100    0.3447     3474.47      3515      3354      3465
    P36245     36245     34.9652    0.2927  -21.5452   13.4200    0.2926     7470.14      7522      7343      7487
    P36257     36257     35.7745    0.3163  -21.2545   14.5200    0.3161     9025.51      9333      9084      9253
    P36283     36283     34.5867    0.4103  -19.8667   14.7200    0.4102     7078.47      7377      7339      7308
    P36284     36284     35.2177    0.3361  -20.9877   14.2300    0.3360     7018.24      7317      7279      7248
    P36324     36324     34.9698    0.2810  -21.6798   13.2900    0.2808     6982.02      7166      6965      7103
    P36330     36330     34.4501    0.4322  -19.5301   14.9200    0.4321     8115.12      8528      8349      8444
    P36349     36349     34.3841    0.3194  -21.2141   13.1700    0.3192     6303.69      5640      5869      5781
    P36350     36350     35.4115    0.3691  -20.5015   14.9100    0.3690     7054.00      7074      7290      7138
    P36368     36368     34.0862    0.5081  -18.3662   15.7200    0.5080     7615.21      7770      7636      7727
    P36371     36371     34.4377    0.3467  -20.8377   13.6000    0.3466     6663.27      6388      6570      6453
    U06681     36389     35.0676    0.2767  -21.7276   13.3400    0.2765     7137.31      7383      7379      7331
    P36390     36390     34.7177    0.4448  -19.3377   15.3800    0.4446     7124.07      7137      7282      7168
    P36409     36409     34.4097    0.3480  -20.8197   13.5900    0.3478     5153.51      5092      5002      5085
    U06686     36431     34.5149    0.3076  -21.3649   13.1500    0.3074     6886.28      6958      7013      6963
    U06697     36466     35.3524    0.2094  -22.3524   13.0000    0.2092     7066.67      7136      7356      7199
     N3840     36477     34.1543    0.3511  -20.7743   13.3800    0.3509     7705.00      8077      7968      7997
    P36512     36512     34.8178    0.3206  -21.1978   13.6200    0.3205     6691.40      6416      6598      6481
    U06719     36574     35.2220    0.2349  -22.1420   13.0800    0.2347     6910.82      6980      7200      7043
     N3861     36604     34.5164    0.2240  -22.2364   12.2800    0.2237     5418.59      5094      5034      5147
    P36683     36683     33.9544    0.4066  -19.9244   14.0300    0.4065     7399.60      7704      7735      7626
    P36689     36689     34.5060    0.3200  -21.2060   13.3000    0.3198     6964.20      7035      6813      6986
    U06751     36727     34.1449    0.3910  -20.1649   13.9800    0.3908     6713.00      6159      6469      6300
    P36779     36779     35.3126    0.3070  -21.3726   13.9400    0.3068     6499.25      5835      6064      5977
    P36856     36856     34.6813    0.3430  -20.8913   13.7900    0.3428     7150.08      7454      7485      7376
    P37040     37040     34.4084    0.3804  -20.3284   14.0800    0.3802     8010.35      8510      8293      8398
     M1461     37051     33.5414    0.4836  -18.7414   14.8000    0.4835     6751.06      6190      6515      6354
    P37054     37054     35.4771    0.3082  -21.3571   14.1200    0.3080     8404.67      8954      8629      8851
     N3942     37099     33.5849    0.3910  -20.1649   13.4200    0.3908     4068.89      3979      3927      3979
    U06837     37143     35.2746    0.3598  -20.6446   14.6300    0.3596     6308.97      5638      5770      5758
    P37145     37145     35.6952    0.4899  -18.6452   17.0500    0.4898     6380.89      5710      5842      5830
    P37198     37198     35.0449    0.4567  -19.1549   15.8900    0.4565     7463.30      7877      7790      7779
    P37223     37223     35.1166    0.4266  -19.6166   15.5000    0.4265     8214.62      8796      8470      8676
    P37243     37243     32.9941    0.3392  -20.9441   12.0500    0.3391     3271.80      2862      2993      2915
    P37254     37254     32.3777    0.3361  -20.9877   11.3900    0.3360     3406.74      3227      3281      3228
    P37260     37260     34.4987    0.3473  -20.8287   13.6700    0.3472     7756.09      8231      8048      8136
     N3947     37264     34.6124    0.2521  -21.9824   12.6300    0.2519     6527.37      5967      6291      6131
    P37267     37267     33.0743    0.4391  -19.4243   13.6500    0.4390     4211.45      4122      4069      4122
     N3951     37288     34.3839    0.2995  -21.4639   12.9200    0.2994     6777.23      6582      6942      6706
    P37304     37304     34.4247    0.2301  -22.1847   12.2400    0.2298     6113.54      6102      6072      6079
    P37315     37315     35.6937    0.4053  -19.9437   15.7500    0.4052     7198.41      7412      7575      7347
    P37345     37345     34.9085    0.4297  -19.5685   15.3400    0.4296     6535.29      5975      6299      6139
    U06891     37409     34.8635    0.3343  -21.0135   13.8500    0.3341     7120.80      7285      7416      7266
    P37463     37463     35.2088    0.3648  -20.5688   14.6400    0.3646     6686.10      6255      6534      6371
    U06913     37507     35.3490    0.2644  -21.8590   13.4900    0.2642     7134.75      7299      7430      7280
    P37549     37549     32.3967    0.4103  -19.8667   12.5300    0.4102     3310.92      3132      3185      3133
    P37669     37669     33.0657    0.3760  -20.3957   12.6700    0.3759     4020.69      4224      4024      4147
    P37696     37696     34.8434    0.3504  -20.7834   14.0600    0.3503     7183.04      7412      7553      7330
    P37787     37787     34.8389    0.2983  -21.4789   13.3600    0.2981     5989.39      6297      6311      6274
    P37848     37848     34.6217    0.2631  -21.8717   12.7500    0.2629     5965.01      6273      6286      6249
    P37870     37870     35.0634    0.3585  -20.6634   14.4000    0.3584    11102.19     11183     10989     11149
    P37958     37958     33.5514    0.3567  -20.6914   12.8600    0.3565     4403.93      4453      4318      4404
    U07011     37971     34.7850    0.3231  -21.1650   13.6200    0.3229     6478.45      6475      6472      6458
    P37998     37998     34.5441    0.3897  -20.1841   14.3600    0.3896     8410.99      8301      8189      8290
    P38008     38008     34.6950    0.3747  -20.4150   14.2800    0.3746     6096.44      6085      6055      6062
    U07024     38044     35.2741    0.2903  -21.5741   13.7000    0.2901     7830.93      8455      8188      8319
    U07046     38143     34.6493    0.4310  -19.5493   15.1000    0.4309     5709.66      5685      5646      5712
    P38144     38144     34.7508    0.5156  -18.2508   16.5000    0.5155     6801.74      6420      6888      6577
    P38239     38239     33.8187    0.3473  -20.8287   12.9900    0.3472     4377.66      4427      4292      4378
     N4090     38288     35.0406    0.2613  -21.8906   13.1500    0.2611     7642.01      8142      8027      7987
    P38374     38374     34.9253    0.4573  -19.1453   15.7800    0.4572     7537.69      8037      7922      7883
    P38408     38408     34.9727    0.3579  -20.6727   14.3000    0.3578     6386.09      6427      6265      6397
    P38426     38426     33.8203    0.3063  -21.3803   12.4400    0.3062     4838.90      4763      4669      4760
    P38431     38431     33.4756    0.4905  -18.6356   14.8400    0.4904     3176.05      2534      2743      2648
     N4110     38441     35.2035    0.2392  -22.1035   13.1000    0.2390     7527.42      8049      7909      7890
    P38496     38496     33.9340    0.2859  -21.6240   12.3100    0.2858     5736.15      5754      5632      5728
    P38658     38658     34.7918    0.4679  -18.9818   15.8100    0.4678     6777.46      6265      6549      6419
    P38841     38841     33.0004    0.3673  -20.5304   12.4700    0.3671     3448.55      2874      3151      2951
    P39155     39155     34.2398    0.3991  -20.0398   14.2000    0.3990     4654.14      4645      4517      4626
    P39163     39163     34.5770    0.2088  -22.3570   12.2200    0.2086     6809.49      6772      6587      6751
    P39201     39201     32.1250    0.4404  -19.4050   12.7200    0.4403     3488.63      2914      3191      2991
    P39212     39212     32.5968    0.2607  -21.8968   10.7000    0.2605     3260.14      2686      2963      2763
    P39253     39253     33.2791    0.4798  -18.7991   14.4800    0.4797     3671.90      3648      3598      3614
    P39452     39452     34.9473    0.4441  -19.3473   15.6000    0.4440     8008.66      8061      7856      8023
    P39482     39482     34.3590    0.4141  -19.8090   14.5500    0.4140     5719.65      5865      5633      5810
     N4263     39698     32.9234    0.3723  -20.4534   12.4700    0.3721     4532.52      4361      4368      4381
    P39726     39726     35.1996    0.2472  -22.0296   13.1700    0.2470     8366.28      8675      8430      8593
    P39768     39768     34.5211    0.2754  -21.7411   12.7800    0.2753     4358.40      4391      4307      4356
    P39822     39822     35.8586    0.3032  -21.4186   14.4400    0.3031     9873.76     10206      9953     10144
    P39851     39851     33.0752    0.4736  -18.8952   14.1800    0.4735     4692.24      4683      4555      4664
    P39855     39855     34.6197    0.3212  -21.1897   13.4300    0.3211     5798.80      5700      5672      5705
    P39909     39909     35.3069    0.2674  -21.8269   13.4800    0.2672     8235.26      8316      8138      8276
    P39920     39920     34.4675    0.4116  -19.8475   14.6200    0.4115     7216.48      7252      7086      7216
    P39982     39982     33.5408    0.3679  -20.5208   13.0200    0.3678     4461.34      4289      4297      4310
    P39992     39992     33.9831    0.3716  -20.4631   13.5200    0.3715     4316.56      4350      4265      4314
    P40023     40023     32.9869    0.2674  -21.8269   11.1600    0.2672     3248.18      2674      2951      2751
    P40080     40080     34.8985    0.3144  -21.2785   13.6200    0.3142     6417.29      6426      6270      6400
    P40092     40092     34.0834    0.3045  -21.4034   12.6800    0.3043     5233.92      5144      5026      5147
    P40265     40265     32.3403    0.3374  -20.9703   11.3700    0.3372     3020.64      2379      2587      2493
    P40394     40394     31.6326    0.5514  -17.7026   13.9300    0.5513     3107.13      2465      2674      2579
    U07543     40716     34.7649    0.3910  -20.1649   14.6000    0.3908     6681.99      6691      6669      6712
    P40820     40820     34.7756    0.3922  -20.1456   14.6300    0.3921     6892.27      7070      6956      7016
     N4428     40860     33.0252    0.3268  -21.1152   11.9100    0.3267     3329.52      3229      3113      3233
     N4433     40894     32.8122    0.3187  -21.2222   11.5900    0.3186     3340.43      3240      3124      3244
    P41184     41184     34.1852    0.3517  -20.7652   13.4200    0.3515     5736.16      5707      5610      5695
    P41572     41572     35.1652    0.4078  -19.9052   15.2600    0.4077     7837.24      8276      8102      8144
    U07689     41579     34.6163    0.2977  -21.4863   13.1300    0.2975     6453.62      6247      6291      6310
    P41702     41702     34.6501    0.5143  -18.2701   16.3800    0.5143     3884.10      4034      3878      3957
    P41728     41728     34.9983    0.2545  -21.9583   13.0400    0.2543     7075.69      7024      6913      7008
    P41733     41733     33.7450    0.5225  -18.1450   15.6000    0.5224     3151.04      2829      2862      2885
    P41751     41751     34.8969    0.4435  -19.3569   15.5400    0.4434     6449.26      6131      6185      6205
     N4524     41757     33.7900    0.3666  -20.5400   13.2500    0.3665     5192.08      5276      5060      5242
    P41764     41764     33.9859    0.4091  -19.8859   14.1000    0.4090     5497.13      5531      5347      5512
    P41786     41786     32.9143    0.4391  -19.4243   13.4900    0.4390     3730.66      3510      3551      3538
    P41808     41808     35.4454    0.3399  -20.9354   14.5100    0.3397     7145.48      7020      7501      7070
    U07738     41827     34.6041    0.3897  -20.1841   14.4200    0.3896     6127.30      5948      5948      6004
    U07750     41895     35.0890    0.2828  -21.6590   13.4300    0.2827     8336.79      8918      8666      8809
    U07752     41941     34.9345    0.2742  -21.7545   13.1800    0.2740     7517.52      7770      7632      7685
    P41978     41978     35.8937    0.3101  -21.3337   14.5600    0.3099     9502.43      9940      9668      9856
    P41982     41982     34.9116    0.3492  -20.8016   14.1100    0.3491     7461.51      7714      7576      7629
    P41989     41989     33.5199    0.3829  -20.2899   13.2300    0.3827     4718.86      4678      4578      4669
    P42083     42083     34.7741    0.3194  -21.2141   13.5600    0.3192     7627.28      8003      8062      7947
     N4559     42097     34.9423    0.3125  -21.3023   13.6400    0.3124     7780.26      8297      8203      8183
    P42137     42137     35.1824    0.2521  -21.9824   13.2000    0.2519     7953.94      8564      8393      8445
     N4574     42166     32.8114    0.3854  -20.2514   12.5600    0.3852     3261.06      2494      2784      2620
     N4575     42181     32.3543    0.3511  -20.7743   11.5800    0.3509     3268.55      2472      2673      2591
    U07800     42202     33.7815    0.3691  -20.5015   13.2800    0.3690     4094.53      3944      3874      3963
     N4585     42215     34.8149    0.3349  -21.0049   13.8100    0.3347     7569.48      7907      8037      7944
    P42245     42245     32.9630    0.3879  -20.2130   12.7500    0.3877     3640.18      3468      3525      3415
    P42246     42246     32.3011    0.4504  -19.2511   13.0500    0.4503     3271.34      2474      2676      2594
    U07806     42255     34.5137    0.3891  -20.1937   14.3200    0.3890     5543.62      5376      5309      5400
    P42264     42264     35.1311    0.2417  -22.0811   13.0500    0.2414     7616.99      8055      7875      7926
    P42271     42271     32.5415    0.4510  -19.2415   13.3000    0.4509     4204.40      4498      4239      4411
     N4588     42277     34.5749    0.3910  -20.1649   14.4100    0.3908     5946.39      5722      5723      5764
     N4603     42369     32.4714    0.4016  -20.0014   12.4700    0.4015     3962.74      4005      3967      4050
    P42411     42411     33.0788    0.3648  -20.5688   12.5100    0.3646     3309.54      2512      2714      2632
     N4603     42460     33.4766    0.4266  -19.6166   13.8600    0.4265     4564.80      4784      4611      4714
    P42463     42463     34.2129    0.4041  -19.9629   14.2500    0.4040     5998.19      6109      5854      6064
    U07836     42512     35.6524    0.2521  -21.9824   13.6700    0.2519     9617.94     10094      9845     10010
     N4617     42530     33.9569    0.2674  -21.8269   12.1300    0.2672     4832.46      4933      4870      4938
    U07845     42548     34.8306    0.4003  -20.0206   14.8100    0.4002     8022.14      8664      8413      8530
    P42562     42562     33.8114    0.3567  -20.6914   13.1200    0.3565     4692.83      4652      4552      4643
     N4611     42564     34.9403    0.3181  -21.2303   13.7100    0.3180     6443.34      6125      6180      6199
     N4615     42584     34.6879    0.2933  -21.5379   13.1500    0.2932     4995.25      4787      4713      4829
     N4603     42640     32.5679    0.3960  -20.0879   12.4800    0.3958     3000.37      2204      2405      2324
    P42665     42665     34.3010    0.4830  -18.7510   15.5500    0.4829     4460.69      4388      4322      4417
     N4628     42681     33.1410    0.3039  -21.4110   11.7300    0.3037     3157.78      3120      2973      3116
    U07873     42709     34.4440    0.3592  -20.6540   13.7900    0.3590     5366.95      5200      5133      5223
    P42714     42714     35.3727    0.5187  -18.2027   17.1700    0.5186     7054.37      6544      7008      6692
    U07877     42726     35.2143    0.3511  -20.7743   14.4400    0.3509     6198.63      5667      5659      5764
    U07883     42747     33.3869    0.3779  -20.3669   13.0200    0.3777     3548.79      3529      3353      3522
    U07890     42765     34.6992    0.3816  -20.3092   14.3900    0.3815     7808.41      8491      8259      8357
    U07897     42807     36.1117    0.2582  -21.9217   14.1900    0.2580     9644.55     10141      9873     10056
    P42820     42820     35.4956    0.2884  -21.5956   13.9000    0.2882     7149.48      7156      7035      7122
    P42880     42880     33.3352    0.4736  -18.8952   14.4400    0.4735     3604.33      3189      3324      3118
    P42898     42898     33.4197    0.5137  -18.2797   15.1400    0.5136     3016.22      2896      2828      2907
    P42899     42899     35.9467    0.3461  -20.8467   15.1000    0.3459     9447.94      9852      9578      9777
    P42909     42909     35.1080    0.3057  -21.3880   13.7200    0.3056     7511.33      7781      7635      7690
    U07922     42919     34.1277    0.3467  -20.8377   13.2900    0.3466     4914.82      5066      5013      5063
     N4669     42942     34.6198    0.2429  -22.0698   12.5500    0.2427     4996.63      5135      5067      5133
    P42950     42950     33.5161    0.4585  -19.1261   14.3900    0.4584     3876.05      3729      3712      3733
    P42953     42953     34.6948    0.4072  -19.9148   14.7800    0.4071     7628.44      7966      8096      8003
    P42968     42968     34.3663    0.3312  -21.0563   13.3100    0.3310     5153.05      5335      5159      5258
    P43017     43017     35.0455    0.2423  -22.0755   12.9700    0.2421     7845.06      8134      7909      8044
    P43021     43021     34.3832    0.2106  -22.3432   12.0400    0.2104     5620.43      5730      5496      5683
    P43074     43074     35.0837    0.2478  -22.0237   13.0600    0.2476     6790.10      6800      6852      6792
    P43077     43077     34.3096    0.4479  -19.2896   15.0200    0.4478     6247.73      5716      5708      5813
    P43084     43084     35.2251    0.2841  -21.6451   13.5800    0.2839     9394.68      9224      9057      9228
    P43105     43105     33.7749    0.3349  -21.0049   12.7700    0.3347     4860.51      5058      4897      4983
    U07955     43142     35.0097    0.3212  -21.1897   13.8200    0.3211     7044.79      6486      6988      6516
    P43144     43144     32.5733    0.4704  -18.9433   13.6300    0.4703     4699.73      4837      4708      4776
     N4679     43170     33.4427    0.2878  -21.6027   11.8400    0.2876     4937.63      5132      4961      5054
    P43199     43199     33.1234    0.4541  -19.1934   13.9300    0.4540     3641.29      3472      3429      3484
    P43206     43206     33.3869    0.3274  -21.1069   12.2800    0.3273     3811.93      3717      3658      3711
    P43224     43224     33.1416    0.3380  -20.9616   12.1800    0.3379     3528.16      3307      3349      3336
    P43245     43245     34.5314    0.3014  -21.4414   13.0900    0.3012     6677.62      6595      6521      6588
    P43272     43272     34.7260    0.4748  -18.8760   15.8500    0.4747     6655.63      6050      6075      6154
    P43278     43278     34.4634    0.3504  -20.7834   13.6800    0.3503     7175.01      7358      7538      7148
    P43282     43282     32.9221    0.4028  -19.9821   12.9400    0.4027     3748.48      3617      3679      3649
    P43302     43302     36.4564    0.3002  -21.4564   15.0000    0.3000    13631.17     13567     13500     13577
    P43308     43308     34.3517    0.5005  -18.4817   15.8700    0.5004     6545.98      5941      5965      6045
    P43313     43313     33.8549    0.3349  -21.0049   12.8500    0.3347     3986.16      3711      3733      3740
     N4702     43317     34.2310    0.4830  -18.7510   15.4800    0.4829     6252.37      5721      5713      5818
     N4705     43350     33.3741    0.2903  -21.5741   11.8000    0.2901     4636.64      4565      4458      4567
    P43352     43352     35.8977    0.2711  -21.7877   14.1100    0.2709    13886.09     13835     13823     13843
    U07978     43359     34.9003    0.3374  -20.9703   13.9300    0.3372     8348.72      8924      8701      8818
     N4712     43368     33.9437    0.3101  -21.3337   12.6100    0.3099     4665.28      4513      4430      4551
    U07981     43381     34.5870    0.5093  -18.3470   16.2400    0.5092     5132.20      4935      4873      4983
    P43409     43409     33.7126    0.3070  -21.3726   12.3400    0.3068     3775.62      3649      3537      3658
    P43414     43414     35.3285    0.4297  -19.5685   15.7600    0.4296     7757.40      8217      7984      8098
    U07993     43452     34.7292    0.3654  -20.5592   14.1700    0.3653     4977.80      5117      5048      5115
     N4741     43504     35.0055    0.2423  -22.0755   12.9300    0.2421     9048.57      9267      9231      9238
     N4735     43509     33.9025    0.4035  -19.9725   13.9300    0.4033     6718.46      6138      6174      6242
     N4738     43517     34.5579    0.2730  -21.7679   12.7900    0.2728     5025.36      4803      4744      4852
    P43542     43542     34.8143    0.4391  -19.4243   15.3900    0.4390     6893.65      6713      6851      6761
    P43558     43558     33.3027    0.3710  -20.4727   12.8300    0.3709     3888.06      3834      3789      3824
    U08004     43575     34.7950    0.3747  -20.4150   14.3800    0.3746     6452.97      5961      5949      6049
    P43614     43614     35.5052    0.3517  -20.7652   14.7400    0.3515     7497.02      7824      7712      7721
    P43632     43632     34.4949    0.4729  -18.9049   15.5900    0.4728     5806.77      5443      5414      5516
    U08013     43686     35.6860    0.3200  -21.2060   14.4800    0.3198     8167.40      8847      8550      8723
    P43701     43701     33.5014    0.2989  -21.4714   12.0300    0.2987     4511.21      4730      4557      4660
    P43717     43717     33.4703    0.3063  -21.3803   12.0900    0.3062     4131.28      4309      4153      4315
    U08017     43726     35.0124    0.2094  -22.3524   12.6600    0.2092     7341.86      7526      7747      7413
     N4767     43744     33.1357    0.4579  -19.1357   14.0000    0.4578     3199.26      2402      2604      2522
    P43750     43750     33.8147    0.5056  -18.4047   15.4100    0.5055     4620.26      4548      4482      4576
    P43812     43812     33.6431    0.3716  -20.4631   13.1800    0.3715     3549.34      3192      3284      3263
    P43840     43840     35.0265    0.3772  -20.3765   14.6500    0.3771     8212.88      8858      8587      8738
    P43843     43843     35.8043    0.3511  -20.7743   15.0300    0.3509     9213.94      9684      9421      9608
    P43853     43853     35.4724    0.5018  -18.4624   17.0100    0.5017     7226.26      7177      7598      7267
    U08025     43863     34.8146    0.2380  -22.1146   12.7000    0.2378     6588.08      6008      6044      6112
    P43894     43894     35.2203    0.3374  -20.9703   14.2500    0.3372     7169.58      7336      7254      7273
    P43994     43994     32.7449    0.3910  -20.1649   12.5800    0.3908     4484.78      4704      4531      4634
     N4799     44017     33.2478    0.3318  -21.0478   12.2000    0.3316     3128.47      3165      3000      3148
    P44097     44097     33.5842    0.3735  -20.4342   13.1500    0.3734     3495.43      3272      3234      3300
    U08056     44125     33.8930    0.4698  -18.9530   14.9400    0.4697     3017.03      3107      2944      3083
    P44147     44147     34.2158    0.4416  -19.3858   14.8300    0.4415     7804.75      8507      8241      8385
    U08064     44190     35.2360    0.3523  -20.7560   14.4800    0.3522     6788.00      6688      6798      6711
    P44246     44246     34.8362    0.2558  -21.9462   12.8900    0.2556     6678.86      6630      6622      6618
    U08067     44254     33.1714    0.3854  -20.2514   12.9200    0.3852     3176.06      3131      2997      3127
    P44267     44267     33.8352    0.3517  -20.7652   13.0700    0.3515     4075.25      3793      3866      3826
    P44317     44317     34.2284    0.3175  -21.2384   12.9900    0.3173     5179.84      5260      5108      5208
     N4848     44405     34.1007    0.3330  -21.0307   13.0700    0.3329     7416.08      7600      7821      7487
    P44420     44420     35.9062    0.2656  -21.8462   14.0600    0.2654     8251.01      8809      8572      8709
    U08088     44452     34.4883    0.3966  -20.0783   14.4100    0.3965     6750.12      6492      6687      6561
    P44454     44454     33.9965    0.4592  -19.1165   14.8800    0.4591     4205.12      3900      3972      3941
    U08093     44507     35.2689    0.2983  -21.4789   13.7900    0.2981     7473.87      7801      7689      7698
    P44589     44589     32.8068    0.3623  -20.6068   12.2000    0.3621     3656.58      3299      3391      3370
    P44663     44663     33.2607    0.3560  -20.7007   12.5600    0.3559     3122.32      2532      2679      2635
    P44668     44668     33.7443    0.3511  -20.7743   12.9700    0.3509     4569.53      4319      4369      4365
    P44695     44695     34.1732    0.4210  -19.7032   14.4700    0.4209     3548.54      2744      3125      2859
    P44725     44725     36.1523    0.3704  -20.4823   15.6700    0.3702    11383.53     11776     11583     11706
    P44738     44738     35.2139    0.2687  -21.8139   13.4000    0.2685     8215.22      8531      8239      8453
     N4877     44761     33.8574    0.1919  -22.4774   11.3800    0.1917     5265.09      5306      5104      5279
    P44795     44795     34.9614    0.2989  -21.4714   13.4900    0.2987     7558.80      7996      7993      8088
    P44803     44803     34.8496    0.4479  -19.2896   15.5600    0.4478     9170.97      9711      9403      9625
    P44834     44834     35.2611    0.2964  -21.5011   13.7600    0.2963     7469.83      7288      7125      7291
    P44851     44851     33.8311    0.3685  -20.5111   13.3200    0.3684     5047.93      5237      5055      5153
    P44919     44919     35.4434    0.3885  -20.2034   15.2400    0.3883     8506.20      8969      8680      8878
    P44921     44921     35.2943    0.2508  -21.9943   13.3000    0.2506     7359.83      7410      7768      7403
    P44931     44931     33.6438    0.3020  -21.4338   12.2100    0.3018     4152.64      3847      3919      3889
    P44940     44940     33.4348    0.4072  -19.9148   13.5200    0.4071     3904.26      3700      3643      3719
    P44966     44966     33.8260    0.2822  -21.6660   12.1600    0.2820     5322.87      5510      5281      5426
    P44984     44984     34.0243    0.3511  -20.7743   13.2500    0.3509     5493.82      5736      5424      5653
    U08164     45000     35.2711    0.2964  -21.5011   13.7700    0.2963     6654.87      6820      6840      6824
    P45006     45006     34.0808    0.2699  -21.8008   12.2800    0.2697     4980.25      4948      4856      4927
    P45066     45066     35.0665    0.3772  -20.3765   14.6900    0.3771     6032.29      5597      5572      5671
    U08161     45097     34.7178    0.3206  -21.1978   13.5200    0.3205     6950.79      6746      6930      6422
    P45098     45098     33.0469    0.3274  -21.1069   11.9400    0.3273     3215.50      2625      2772      2728
    P45127     45127     33.8107    0.3330  -21.0307   12.7800    0.3329     4343.00      4122      4125      4155
    P45151     45151     34.0087    0.3473  -20.8287   13.1800    0.3472     5215.85      5468      5220      5378
     N4939     45170     32.8552    0.2288  -22.1952   10.6600    0.2286     3439.76      3263      3180      3280
    P45327     45327     35.3896    0.2472  -22.0296   13.3600    0.2470     8244.92      8561      8269      8483
    P45346     45346     34.0788    0.4466  -19.3088   14.7700    0.4465     3446.53      2815      3046      2934
    U08193     45350     34.7326    0.4692  -18.9626   15.7700    0.4691     5105.80      4908      4857      4956
    P45358     45358     34.5744    0.2761  -21.7344   12.8400    0.2759     7319.64      7365      7747      7306
    U08195     45366     34.7220    0.4354  -19.4820   15.2400    0.4352     7305.48      7355      7713      7349
    P45388     45388     33.7191    0.4798  -18.7991   14.9200    0.4797     5013.15      4790      4739      4841
    P45549     45549     35.1156    0.2276  -22.2056   12.9100    0.2274     7406.57      7476      7790      7451
    U08229     45580     34.9544    0.2761  -21.7344   13.2200    0.2759     6261.93      5780      5776      5868
    P45582     45582     35.5360    0.3523  -20.7560   14.7800    0.3522     9679.92     10005      9786      9956
    U08244     45668     35.1321    0.4028  -19.9821   15.1500    0.4027     7361.52      7407      7789      7348
    P45721     45721     32.5007    0.4661  -19.0107   13.4900    0.4659     3275.69      2918      2951      2984
     N5004     45742     34.5326    0.3872  -20.2226   14.3100    0.3871     6627.64      6092      6156      6193
     N5004     45757     34.6380    0.3057  -21.3880   13.2500    0.3056     7526.70      8091      7899      7966
    P45877     45877     32.3885    0.3243  -21.1485   11.2400    0.3242     3073.73      2731      2761      2791
     N5025     45887     33.9569    0.2674  -21.8269   12.1300    0.2672     6596.71      6062      6125      6162
    U08294     45905     34.5582    0.4291  -19.5782   14.9800    0.4290     6332.34      5889      5876      5976
    P45911     45911     33.0334    0.3723  -20.4534   12.5800    0.3721     3068.80      2726      2756      2786
    P45935     45935     34.8167    0.4103  -19.8667   14.9500    0.4102     6471.31      6304      6205      6314
    P45937     45937     35.0762    0.4260  -19.6262   15.4500    0.4259     6210.47      5852      5818      5918
    U08301     45938     34.3945    0.4723  -18.9145   15.4800    0.4722     5117.40      4920      4869      4967
     N5032     45947     34.7893    0.1931  -22.4693   12.3200    0.1929     6680.30      6101      6166      6211
     N5022     45952     33.0985    0.3281  -21.0985   12.0000    0.3279     3318.22      2960      2994      3027
    P46014     46014     34.1164    0.3935  -20.1264   13.9900    0.3933     5676.29      5537      5426      5549
    U08317     46028     34.4499    0.3829  -20.2899   14.1600    0.3827     6298.06      5855      5842      5942
    U08325     46076     34.2899    0.3829  -20.2899   14.0000    0.3827     4894.30      4717      4661      4758
    U08328     46124     35.4855    0.4247  -19.6455   15.8400    0.4246     6751.54      6172      6238      6282
     N5056     46180     34.3464    0.3002  -21.4564   12.8900    0.3000     5842.72      5546      5505      5610
    P46196     46196     33.7893    0.4310  -19.5493   14.2400    0.4309     5921.65      5625      5584      5689
    U08359     46302     34.6280    0.3113  -21.3180   13.3100    0.3111     7262.35      7278      7579      7330
    P46366     46366     31.8927    0.4529  -19.2127   12.6800    0.4528     3216.40      3009      2950      3034
     N5064     46409     32.5047    0.2301  -22.1847   10.3200    0.2298     3251.74      2476      2698      2601
     N5081     46427     34.9878    0.2100  -22.3478   12.6400    0.2098     6912.88      6461      6886      6571
     N5073     46441     32.4316    0.3380  -20.9616   11.4700    0.3379     3063.40      2721      2751      2780
      U348     46491     32.8897    0.3480  -20.8197   12.0700    0.3478     3363.91      3006      3039      3072
    P46502     46502     32.5762    0.3026  -21.4262   11.1500    0.3025     3110.26      2338      2475      2451
     N5105     46664     32.5340    0.4222  -19.6840   12.8500    0.4221     3217.39      3010      2951      3035
    P46786     46786     34.0500    0.4485  -19.2800   14.7700    0.4484     4562.95      4339      4484      4353
    P46920     46920     34.3211    0.3847  -20.2611   14.0600    0.3846     7682.61      7621      7464      7604
    P46926     46926     33.4129    0.3386  -20.9529   12.4600    0.3385     5524.81      5462      5322      5450
    P47243     47243     34.4616    0.3492  -20.8016   13.6600    0.3491     6294.42      6023      6004      6055
    U08520     47414     35.2346    0.3448  -20.8646   14.3700    0.3447     7475.56      7712      7714      7703
     N5185     47422     35.0854    0.1907  -22.4854   12.6000    0.1905     7653.23      8060      7834      7952
    P47448     47448     33.2767    0.4103  -19.8667   13.4100    0.4102     4507.25      4283      4304      4313
    P47452     47452     33.1595    0.4642  -19.0395   14.1200    0.4641     3754.99      3384      3489      3446
    P47514     47514     34.1960    0.3928  -20.1360   14.0600    0.3927     4539.63      4365      4351      4384
    P47599     47599     33.9718    0.3860  -20.2418   13.7300    0.3858     5354.79      5262      5161      5258
    U08524     47634     34.2260    0.3928  -20.1360   14.0900    0.3927     6977.64      6782      6843      6838
    P48394     48394     34.8217    0.2582  -21.9217   12.9000    0.2580     6786.70      6485      6634      6535
    P48830     48830     35.1903    0.3063  -21.3803   13.8100    0.3062     5467.32      5613      5325      5565
    P49638     49638     34.0383    0.3966  -20.0783   13.9600    0.3965     5780.49      5717      5514      5706
    U08879     49657     35.4569    0.2674  -21.8269   13.6300    0.2672     8846.25      8886      8916      8885
    P49703     49703     34.7060    0.3200  -21.2060   13.5000    0.3198     7815.61      8021      7802      7952
    P49728     49728     34.6189    0.4304  -19.5589   15.0600    0.4302     4546.10      4438      4505      4424
    P49788     49788     33.4503    0.3181  -21.2303   12.2200    0.3180     4258.94      4319      4259      4248
    P49836     49836     32.4480    0.3797  -20.3380   12.1100    0.3796     3126.65      2441      2592      2555
    U08964     49859     33.4651    0.5062  -18.3951   15.0700    0.5061     6883.48      7097      7106      7092
     N5430     49881     32.6237    0.3101  -21.3337   11.2900    0.3099     3061.62      3431      3317      3385
    U08924     49882     33.6185    0.4460  -19.3185   14.3000    0.4459     3869.78      3794      3696      3799
    P49939     49939     32.9349    0.4567  -19.1549   13.7800    0.4565     3295.05      2979      3014      3026
     N5417     49995     34.4429    0.1865  -22.5129   11.9300    0.1863     5147.02      4900      4858      4940
     N5433     50012     33.4985    0.3144  -21.2785   12.2200    0.3142     4567.84      4561      4468      4577
     N5440     50042     33.9348    0.1782  -22.5648   11.3700    0.1779     3891.59      3884      3829      3899
    P50066     50066     34.6327    0.2878  -21.6027   13.0300    0.2876     7385.79      7319      7141      7298
    P50074     50074     34.3590    0.4962  -18.5490   15.8100    0.4960     6894.03      6813      6672      6796
    P50120     50120     32.5065    0.4429  -19.3666   13.1400    0.4428     3592.66      3532      3447      3527
     N5420     50121     34.2345    0.2724  -21.7745   12.4600    0.2722     5158.88      5017      4937      5024
    P50156     50156     35.4997    0.2915  -21.5597   13.9400    0.2913     9010.51      8937      8769      8931
    P50166     50166     34.4611    0.4504  -19.2511   15.2100    0.4503     4658.32      4550      4617      4536
    P50322     50322     35.2665    0.3169  -21.2465   14.0200    0.3167    10399.85      9844      9731      9916
     N5472     50345     32.3481    0.4454  -19.3281   13.0200    0.4453     3180.24      3151      3060      3143
    P50404     50404     33.9720    0.4354  -19.4820   14.4900    0.4352     4268.28      4136      4219      4121
    P50420     50420     33.2115    0.3218  -21.1815   12.0300    0.3217     4385.51      3992      4219      4059
    P50474     50474     34.1641    0.2903  -21.5741   12.5900    0.2901     5031.63      5120      4926      5067
    U09048     50485     35.7801    0.2374  -22.1201   13.6600    0.2372    10802.66     11174     11038     11101
    P50618     50618     32.5001    0.4322  -19.5301   12.9700    0.4321     3297.18      2611      2762      2726
    P50675     50675     35.1643    0.2619  -21.8843   13.2800    0.2617     7177.11      7154      6979      7121
    U09101     50784     34.9281    0.2847  -21.6381   13.2900    0.2845     5519.56      5435      5355      5461
    P50798     50798     33.1369    0.3274  -21.1069   12.0300    0.3273     3209.67      2492      2661      2613
    U09113     50853     33.3983    0.3966  -20.0783   13.3200    0.3965     3365.65      3397      3345      3406
     N5519     50865     34.7469    0.2909  -21.5669   13.1800    0.2907     7705.23      7489      7575      7563
     N5522     50889     33.9769    0.2865  -21.6169   12.3600    0.2864     4821.53      4560      4548      4612
    U09117     50897     34.5137    0.3101  -21.3337   13.1800    0.3099     5217.77      4928      4916      4983
    U09125     50910     34.3843    0.4228  -19.6743   14.7100    0.4227     4934.75      4951      4912      4968
    P50939     50939     34.1874    0.4279  -19.5974   14.5900    0.4277     4883.18      4754      4717      4757
    P50967     50967     34.0304    0.3673  -20.5304   13.5000    0.3671     4322.07      4192      4251      4182
     N5533     50973     33.2982    0.2331  -22.1582   11.1400    0.2329     4031.53      4023      3952      4040
    U09138     51002     34.0895    0.3822  -20.2995   13.7900    0.3821     4829.91      4638      4608      4685
    P51059     51059     33.9106    0.2940  -21.5306   12.3800    0.2938     4900.55      4785      4711      4788
    P51143     51143     33.9056    0.4085  -19.8956   14.0100    0.4083     3983.33      3510      3766      3599
    P51173     51173     35.0361    0.2496  -22.0061   13.0300    0.2494     7278.95      6996      7035      7051
    P51250     51250     34.6337    0.2478  -22.0237   12.6100    0.2476     8146.96      8207      7951      8170
    U09182     51253     33.6152    0.3604  -20.6352   12.9800    0.3603     4866.16      4707      4674      4751
    P51265     51265     35.2015    0.3691  -20.5015   14.7000    0.3690     7475.93      7586      7314      7537
    P51289     51289     32.2185    0.5118  -18.3085   13.9100    0.5117     3948.55      3476      3731      3565
    P51349     51349     33.8990    0.2644  -21.8590   12.0400    0.2642     4228.12      3835      4061      3901
    P51406     51406     34.5837    0.2971  -21.4937   13.0900    0.2969     6775.46      6600      6549      6618
     N5592     51428     33.6579    0.2730  -21.7679   11.8900    0.2728     4579.91      4525      4476      4501
     N5610     51450     33.7213    0.2896  -21.5813   12.1400    0.2895     5257.84      5120      5068      5160
    P51526     51526     34.3405    0.4166  -19.7705   14.5700    0.4165     6233.72      6003      5946      6025
    P51549     51549     35.5779    0.2730  -21.7679   13.8100    0.2728     9281.18      9219      9246      9247
     N5641     51758     34.2034    0.1895  -22.4934   11.7100    0.1893     4535.93      4505      4425      4524
    P51768     51768     34.7329    0.2816  -21.6729   13.0600    0.2814     7998.21      8050      7823      8013
    P51820     51820     32.7027    0.3579  -20.6727   12.0300    0.3578     3058.76      2456      2568      2555
    P51851     51851     32.8450    0.4404  -19.4050   13.4400    0.4403     4622.18      4567      4518      4544
     N5659     51875     33.7701    0.3424  -20.9001   12.8700    0.3422     4691.11      4591      4539      4623
    P51890     51890     34.5716    0.2082  -22.3616   12.2100    0.2080     6805.49      6702      6618      6686
    P51900     51900     34.9447    0.3305  -21.0647   13.8800    0.3304     7404.77      7489      7280      7447
    P51948     51948     33.3043    0.3511  -20.7743   12.5300    0.3509     4093.81      3749      3860      3800
    P51972     51972     34.1929    0.3386  -20.9529   13.2400    0.3385     4482.44      4275      4407      4265
    P51982     51982     33.6220    0.4354  -19.4820   14.1400    0.4352     4408.50      4321      4246      4320
     N5664     52033     34.6835    0.2392  -22.1035   12.5800    0.2390     4783.42      4683      4589      4683
    P52090     52090     33.5825    0.3498  -20.7925   12.7900    0.3497     4004.78      3660      3771      3711
    P52103     52103     35.4979    0.4122  -19.8379   15.6600    0.4121     7053.84      7119      6927      7066
    P52121     52121     34.9427    0.2878  -21.6027   13.3400    0.2876     7013.98      6756      6748      6797
    U09401     52190     34.5656    0.2276  -22.2056   12.3600    0.2274     5838.53      5721      5664      5751
    U09422     52247     34.0895    0.3822  -20.2995   13.7900    0.3821     3445.67      3676      3572      3653
    P52258     52258     34.2442    0.3735  -20.4342   13.8100    0.3734     6037.85      5876      5828      5915
     N5720     52328     35.1228    0.2337  -22.1528   12.9700    0.2335     7895.31      7867      7884      7903
     N5703     52343     33.9235    0.3343  -21.0135   12.9100    0.3341     3880.69      3825      3783      3849
    P52410     52410     32.4601    0.3287  -21.0901   11.3700    0.3285     3063.21      2429      2555      2527
    P52411     52411     33.3840    0.2570  -21.9340   11.4500    0.2568     3647.64      3325      3397      3369
    P52446     52446     33.3768    0.3941  -20.1168   13.2600    0.3940     4750.39      4838      4673      4777
    P52473     52473     33.7025    0.4035  -19.9725   13.7300    0.4033     4553.42      4583      4484      4534
    P52497     52497     33.1595    0.3822  -20.2995   12.8600    0.3821     5025.37      5192      5027      5094
    P52514     52514     34.4812    0.4341  -19.5012   14.9800    0.4340     4442.14      4365      4281      4357
     N5728     52521     32.6456    0.2368  -22.1256   10.5200    0.2366     3011.55      2841      2837      2857
    P52552     52552     32.4907    0.5483  -17.7507   14.7400    0.5482     3523.01      3250      3284      3283
    P52620     52620     35.5017    0.3293  -21.0817   14.4200    0.3291     7494.19      7422      7316      7398
    P52710     52710     34.6743    0.5049  -18.4143   16.2600    0.5048     6372.00      6168      6110      6187
    P52713     52713     33.5476    0.3953  -20.0976   13.4500    0.3952     4130.49      4309      4231      4298
    P52774     52774     34.3311    0.2362  -22.1311   12.2000    0.2359     5086.90      5095      4945      5064
    P52811     52811     33.2886    0.3032  -21.4186   11.8700    0.3031     3131.29      3044      3015      3043
    P52823     52823     34.7116    0.3380  -20.9616   13.7500    0.3379     6259.61      6051      5993      6070
     N5760     52833     34.6455    0.2588  -21.9155   12.7300    0.2586     6163.63      5997      5958      6033
    U09537     52877     34.9951    0.1877  -22.5051   12.4900    0.1875     8971.12      8877      8900      8925
    P52906     52906     34.5150    0.3231  -21.1650   13.3500    0.3229     6357.02      6170      6112      6185
    P52914     52914     34.9567    0.4103  -19.8667   15.0900    0.4102     6759.36      6667      6532      6654
    U09541     52921     35.7817    0.2631  -21.8717   13.9100    0.2629     9246.80      9204      9198      9236
    P52991     52991     32.4323    0.4523  -19.2223   13.2100    0.4522     3162.10      3019      3010      3027
      U395     53035     32.5811    0.4504  -19.2511   13.3300    0.4503     3474.47      3283      3294      3299
    P53075     53075     34.2089    0.2983  -21.4789   12.7300    0.2981     4845.23      4747      4668      4752
    P53183     53183     33.6224    0.4197  -19.7224   13.9000    0.4196     4191.94      4086      4040      4085
    P53212     53212     35.2016    0.3492  -20.8016   14.4000    0.3491     8880.81      8999      9036      9011
    P53216     53216     34.9864    0.3138  -21.2864   13.7000    0.3136     7213.69      6902      6908      6958
    P53282     53282     34.6142    0.4554  -19.1742   15.4400    0.4553     6953.02      6824      6791      6860
    P53291     53291     34.9173    0.2785  -21.7073   13.2100    0.2783     5504.90      5423      5369      5446
    P53301     53301     35.5937    0.3101  -21.3337   14.2600    0.3099     9743.47      9700      9712      9723
    P53303     53303     33.0992    0.3816  -20.3092   12.7900    0.3815     3223.26      3080      3071      3088
    P53314     53314     34.7046    0.3598  -20.6446   14.0600    0.3596     6308.44      6120      6099      6162
    P53318     53318     35.2797    0.3480  -20.8197   14.4600    0.3478    10024.49     10069      9950     10064
    U09598     53332     34.5644    0.3132  -21.2944   13.2700    0.3130     5704.26      5772      5693      5782
    U09605     53335     34.3057    0.4579  -19.1357   15.1700    0.4578     3542.94      3753      3662      3734
    P53336     53336     33.3707    0.3841  -20.2707   13.1000    0.3840     3729.02      3537      3548      3553
    U09606     53376     34.6936    0.3262  -21.1236   13.5700    0.3260     5017.65      4939      4889      4964
    P53412     53412     34.4034    0.3585  -20.6634   13.7400    0.3584     7063.62      7145      6955      7093
    P53425     53425     35.0167    0.4103  -19.8667   15.1500    0.4102     9192.16      9069      9087      9124
    P53439     53439     34.1511    0.4667  -19.0011   15.1500    0.4666     6439.19      6220      6196      6268
    P53462     53462     35.0414    0.3014  -21.4414   13.6000    0.3012     8917.05      8557      8595      8651
    P53497     53497     35.0085    0.2112  -22.3385   12.6700    0.2110     7526.45      7506      7342      7467
    U09634     53528     35.7489    0.3008  -21.4489   14.3000    0.3006    13010.20     13019     13051     13022
    P53546     53546     34.5910    0.4010  -20.0110   14.5800    0.4008     4365.00      4267      4207      4262
    P53558     53558     35.3789    0.2983  -21.4789   13.9000    0.2981     9981.96      9972      9967      9987
    P53560     53560     35.8078    0.3411  -20.9178   14.8900    0.3410     9235.37      8985      9039      9058
    P53562     53562     33.8073    0.4441  -19.3473   14.4600    0.4440     3465.59      3323      3313      3331
    U09646     53563     35.9048    0.4072  -19.9148   15.9900    0.4071     9790.51      9841      9813      9841
    P53582     53582     34.5782    0.4949  -18.5682   16.0100    0.4948     4765.91      4822      4784      4832
    P53585     53585     35.9968    0.2410  -22.0868   13.9100    0.2408    10566.96     10576     10480     10576
    P53594     53594     34.8332    0.3299  -21.0732   13.7600    0.3298     7793.75      7872      7648      7808
     N5815     53600     31.8690    0.4962  -18.5490   13.3200    0.4960     3195.91      3053      3044      3061
    P53608     53608     34.5345    0.5382  -17.9046   16.6300    0.5381     4784.10      4781      4677      4744
    P53628     53628     33.8726    0.5514  -17.7026   16.1700    0.5513     3158.30      2780      2847      2829
    P53634     53634     33.1152    0.4899  -18.6452   14.4700    0.4898     3132.53      3045      3016      3044
    P53645     53645     35.7173    0.2785  -21.7073   14.0100    0.2783     9429.08      9651      9630      9638
    U09656     53651     34.0627    0.4366  -19.4627   14.6000    0.4365     4241.07      4169      4100      4179
     N5830     53674     35.1512    0.2736  -21.7612   13.3900    0.2734     8544.17      8642      8578      8647
    P53680     53680     34.4367    0.4103  -19.8667   14.5700    0.4102     6317.84      6057      6023      6091
    P53694     53694     33.8912    0.5162  -18.2412   15.6500    0.5161     4999.48      4967      4960      4992
    P53697     53697     33.0797    0.5137  -18.2797   14.8000    0.5136     3300.28      3157      3148      3165
    P53698     53698     36.2039    0.2687  -21.8139   14.3900    0.2685    14145.81     14400     14283     14336
     N5810     53711     31.9598    0.4811  -18.7798   13.1800    0.4810     3479.91      3337      3328      3345
    P53728     53728     35.7227    0.2878  -21.6027   14.1200    0.2876    12161.15     12112     12091     12129
    P53730     53730     35.2772    0.3947  -20.1072   15.1700    0.3946    12030.80     11981     11961     11999
    U09677     53746     35.8089    0.1758  -22.5789   13.2300    0.1755    11717.84     11708     11664     11717
    P53747     53747     37.0243    0.2705  -21.7943   15.2300    0.2703    16923.42     16703     16655     16763
    P53752     53752     35.7024    0.2094  -22.3524   13.3500    0.2092     9524.15      9378      9415      9438
    P53796     53796     33.5026    0.4692  -18.9626   14.5400    0.4691     3132.04      3045      3015      3044
    P53803     53803     35.7228    0.2337  -22.1528   13.5700    0.2335    10237.67     10538     10400     10479
     N5837     53817     34.5164    0.3002  -21.4564   13.0600    0.3000     8865.31      8460      8504      8557
    U09702     53844     33.7366    0.4429  -19.3666   14.3700    0.4428     3664.28      3920      3824      3896
    U09695     53852     36.4494    0.1901  -22.4894   13.9600    0.1899    13728.20     13943     13899     13878
    P53872     53872     35.9789    0.2983  -21.4789   14.5000    0.2981    10273.57     10474     10335     10435
    U09701     53876     35.3240    0.3592  -20.6540   14.6700    0.3590    10183.16     10456     10342     10404
    P53885     53885     35.4217    0.2631  -21.8717   13.5500    0.2629     8596.08      8636      8590      8653
    P53910     53910     36.3598    0.2662  -21.8398   14.5200    0.2660    13790.30     13907     13825     13890
    P53923     53923     34.7835    0.2392  -22.1035   12.6800    0.2390     7485.94      7162      7236      7219
    P53938     53938     34.2828    0.4203  -19.7128   14.5700    0.4202     5112.48      5125      5121      5145
    P53958     53958     34.1898    0.4153  -19.7898   14.4000    0.4152     6839.28      6536      6529      6597
    U09712     53959     34.6363    0.3617  -20.6163   14.0200    0.3615     7036.50      6750      6733      6806
    U09718     53976     35.7717    0.2582  -21.9217   13.8500    0.2580    12277.74     12249     12279     12262
     N5843     53996     33.7013    0.2246  -22.2313   11.4700    0.2243     4402.32      4079      4216      4126
    U09750     53999     34.8417    0.2631  -21.8717   12.9700    0.2629     7460.52      7662      7660      7659
     N5859     54001     33.4917    0.2631  -21.8717   11.6200    0.2629     4924.26      4822      4781      4849
     N5874     54018     33.5397    0.3212  -21.1897   12.3500    0.3211     3195.64      3503      3404      3466
    P54058     54058     35.2492    0.3548  -20.7192   14.5300    0.3547    10197.37      9906      9803      9975
     N5875     54095     33.4163    0.2977  -21.4863   11.9300    0.2975     3603.59      3859      3763      3835
    P54096     54096     35.0036    0.4216  -19.6936   15.3100    0.4215     9580.80      9538      9528      9567
    P54122     54122     35.6333    0.2668  -21.8333   13.8000    0.2666     9698.17      9333      9279      9407
    U09759     54154     33.3353    0.3754  -20.4053   12.9300    0.3752     3489.57      3812      3713      3775
    P54158     54158     35.6176    0.3791  -20.3476   15.2700    0.3790    10437.05     10277     10183     10317
     N5833     54250     32.2929    0.2816  -21.6729   10.6200    0.2814     3128.83      2749      2797      2791
    U09765     54282     36.1993    0.1741  -22.5893   13.6100    0.1738    12107.51     12001     12046     12032
    U09780     54377     34.3342    0.3735  -20.4342   13.9000    0.3734     5266.06      5207      5235      5240
    P54385     54385     35.1924    0.2921  -21.5524   13.6400    0.2919     6811.46      6649      6629      6692
    P54386     54386     34.4517    0.4842  -18.7317   15.7200    0.4841     6843.08      6579      6574      6637
    U09777     54393     34.1213    0.3430  -20.8913   13.2300    0.3428     4855.73      4754      4712      4780
    P54400     54400     36.8843    0.2619  -21.8843   15.0000    0.2617    14681.79     15214     14923     15114
    U09791     54407     35.8384    0.2515  -21.9884   13.8500    0.2513     9333.78      9483      9446      9484
    P54417     54417     35.7868    0.2410  -22.0868   13.7000    0.2408     9765.26      9681      9696      9718
    P54440     54440     35.4177    0.3467  -20.8377   14.5800    0.3466    10215.14     10350     10253     10324
    U09793     54465     35.8384    0.1776  -22.5684   13.2700    0.1773    11584.89     11551     11542     11564
     N5891     54491     33.3844    0.4066  -19.9244   13.4600    0.4065     3272.98      3245      3192      3233
    P54565     54565     34.4276    0.2767  -21.7276   12.7000    0.2765     6816.10      6675      6623      6678
    P54595     54595     34.8838    0.3020  -21.4338   13.4500    0.3018     6581.43      6590      6423      6555
    P54600     54600     35.3592    0.3324  -21.0392   14.3200    0.3323    10845.06     11024     10987     10989
    P54611     54611     34.8062    0.2252  -22.2262   12.5800    0.2250     7503.21      7341      7379      7343
    U09807     54612     35.3674    0.2693  -21.8074   13.5600    0.2691     9791.77      9424      9361      9505
    P54662     54662     34.6689    0.3008  -21.4489   13.2200    0.3006     6164.04      6436      6124      6352
    P54675     54675     35.1403    0.4654  -19.0203   16.1200    0.4653     6642.96      6368      6370      6423
    P54681     54681     36.2132    0.3299  -21.0732   15.1400    0.3298     9844.78      9314      9307      9417
     N5918     54690     34.0063    0.2977  -21.4863   12.5200    0.2975     5245.03      5218      5237      5248
    U09814     54691     33.5067    0.4924  -18.6067   14.9000    0.4923     3403.07      3421      3347      3416
    P54745     54745     34.3923    0.4523  -19.2223   15.1700    0.4522     9601.46      9127      9127      9235
    P54755     54755     33.6027    0.2447  -22.0527   11.5500    0.2445     4539.50      4217      4353      4263
    P54798     54798     34.7857    0.3760  -20.3957   14.3900    0.3759     7127.78      6933      6946      6954
    P54810     54810     34.8996    0.3660  -20.5496   14.3500    0.3659     7546.34      7218      7224      7276
    P54877     54877     33.2890    0.3368  -20.9790   12.3100    0.3366     5347.56      5440      5274      5385
    U09828     54885     35.2804    0.2791  -21.7004   13.5800    0.2790     7019.81      6810      6789      6858
    P54959     54959     36.9918    0.2028  -22.4018   14.5900    0.2025    17676.88     17700     17563     17708
    P54969     54969     34.2051    0.5062  -18.3951   15.8100    0.5061     3865.36      3661      3684      3680
    P54971     54971     35.6267    0.3461  -20.8467   14.7800    0.3459    10170.70      9649      9602      9767
    P54995     54995     33.5214    0.4836  -18.7414   14.7800    0.4835     5692.42      5685      5663      5713
    P54999     54999     34.6143    0.3511  -20.7743   13.8400    0.3509     5455.55      5548      5382      5493
    P55012     55012     35.4573    0.2785  -21.7073   13.7500    0.2783    11032.30     11288     11253     11230
     N5939     55022     34.6256    0.2368  -22.1256   12.5000    0.2366     6683.13      6700      6714      6731
    U09855     55037     32.8954    0.5231  -18.1354   14.7600    0.5230     3506.16      3895      3805      3851
    U09842     55040     34.9232    0.2946  -21.5232   13.4000    0.2944     9000.68      8855      8843      8918
    U09849     55047     33.9830    0.4535  -19.2030   14.7800    0.4534     3521.22      3803      3716      3772
    U09841     55057     33.6289    0.2983  -21.4789   12.1500    0.2981     4540.10      4446      4411      4472
    U09853     55065     34.6717    0.2582  -21.9217   12.7500    0.2580     5898.95      5986      5929      5995
    U09844     55069     35.4244    0.2539  -21.9644   13.4600    0.2537    10223.53      9658      9657      9777
    P55079     55079     35.6819    0.3256  -21.1319   14.5500    0.3254    10824.04     10916     10869     10905
    P55112     55112     34.3253    0.4573  -19.1453   15.1800    0.4572     5482.24      5428      5461      5465
    U09860     55132     35.6458    0.3610  -20.6258   15.0200    0.3609     9609.39      9348      9388      9436
    P55161     55161     34.2134    0.4541  -19.1934   15.0200    0.4540     4634.87      4657      4614      4667
    P55179     55179     34.2560    0.2822  -21.6660   12.5900    0.2820     6059.17      6029      5879      6005
    P55198     55198     35.7997    0.2915  -21.5597   14.2400    0.2913    10360.65     10526     10453     10497
    P55213     55213     35.2760    0.2822  -21.6660   13.6100    0.2820    10162.77      9941      9988     10022
    P55217     55217     35.4051    0.2841  -21.6451   13.7600    0.2839     9383.80      9285      9280      9332
    P55219     55219     34.9980    0.3113  -21.3180   13.6800    0.3111     6822.11      6767      6726      6795
    P55222     55222     36.2389    0.2983  -21.4789   14.7600    0.2981    10120.78      9586      9559      9716
    P55224     55224     33.3272    0.4604  -19.0972   14.2300    0.4603     3539.72      3498      3445      3489
    P55234     55234     35.9296    0.3660  -20.5496   15.3800    0.3659    13183.72     13430     13417     13366
    P55241     55241     35.1814    0.4016  -20.0014   15.1800    0.4015     6741.64      6748      6602      6714
    U09873     55247     34.3087    0.3972  -20.0687   14.2400    0.3971     5708.79      5701      5680      5730
    P55251     55251     34.9165    0.2227  -22.2465   12.6700    0.2225     7243.12      7048      7095      7068
    P55252     55252     33.8955    0.2155  -22.3055   11.5900    0.2152     4700.12      4831      4816      4706
    P55254     55254     34.2285    0.3144  -21.2785   12.9500    0.3142     5446.00      5385      5339      5406
    P55256     55256     33.5924    0.2521  -21.9824   11.6100    0.2519     4806.91      4616      4670      4631
    U09882     55296     34.9121    0.3573  -20.6821   14.2300    0.3572     6806.19      6751      6710      6779
    P55328     55328     34.2214    0.4016  -20.0014   14.2200    0.4015     4596.19      4502      4430      4495
    P55345     55345     33.3442    0.5213  -18.1642   15.1800    0.5212     4609.27      4381      4433      4405
    P55346     55346     34.8251    0.4241  -19.6551   15.1700    0.4240     6910.30      6755      6724      6763
    P55349     55349     35.0479    0.2933  -21.5379   13.5100    0.2932     7190.34      6869      6873      6926
    U09890     55355     34.4928    0.4203  -19.7128   14.7800    0.4202     5949.49      5966      5915      5988
    U09887     55367     35.9624    0.2521  -21.9824   13.9800    0.2519    12560.94     12871     12798     12800
    U09950     55378     34.7685    0.2958  -21.5085   13.2600    0.2957     6480.47      6630      6676      6638
    P55380     55380     35.9316    0.3492  -20.8016   15.1300    0.3491    10193.23     10144     10149     10169
    P55385     55385     33.9875    0.4936  -18.5875   15.4000    0.4935     4702.42      4719      4691      4732
    P55406     55406     34.7380    0.3113  -21.3180   13.4200    0.3111     5585.05      5490      5391      5481
    P55454     55454     34.3643    0.3511  -20.7743   13.5900    0.3509     5264.69      5245      5181      5257
     N5965     55459     33.5120    0.1985  -22.4319   11.0800    0.1983     3467.90      3790      3691      3753
    U09901     55475     33.5772    0.4604  -19.0972   14.4800    0.4603     3316.98      3391      3321      3379
    U09905     55492     34.8329    0.4041  -19.9629   14.8700    0.4040     6025.82      5815      5803      5852
    U09916     55507     35.7901    0.3424  -20.9001   14.8900    0.3422     9456.79      8993      9032      9100
    U09920     55517     35.2501    0.2564  -21.9401   13.3100    0.2562     9559.49      9439      9441      9509
    U09917     55518     33.1660    0.4748  -18.8760   14.2900    0.4747     3171.73      3267      3203      3254
    P55530     55530     35.8925    0.3498  -20.7925   15.1000    0.3497    12696.07     12965     12966     12896
    U09919     55532     33.4870    0.4272  -19.6070   13.8800    0.4271     3320.78      3395      3324      3383
    P55533     55533     35.7332    0.3299  -21.0732   14.6600    0.3298    10044.10     10156     10113     10148
    U09944     55540     34.1634    0.3045  -21.4034   12.7600    0.3043     7413.15      7486      7537      7515
    P55541     55541     35.2213    0.2896  -21.5813   13.6400    0.2895     6878.23      6931      6759      6887
    P55594     55594     34.3704    0.2791  -21.7004   12.6700    0.2790     6667.33      6436      6416      6459
    P55603     55603     35.7337    0.2971  -21.4937   14.2400    0.2969    10141.96      9607      9580      9737
    P55618     55618     36.1365    0.2355  -22.1365   14.0000    0.2353    10545.84     10851     10701     10789
    P55626     55626     36.0167    0.3461  -20.8467   15.1700    0.3459    12103.74     12298     12352     12257
    P55636     55636     35.0009    0.2773  -21.7209   13.2800    0.2771     7380.66      7082      7141      7140
    P55680     55680     35.9399    0.3829  -20.2899   15.6500    0.3827     9885.93     10091      9964     10056
    P55689     55689     34.3253    0.2637  -21.8653   12.4600    0.2636     5919.05      5778      5690      5782
    U09949     55706     34.9623    0.4523  -19.2223   15.7400    0.4522     5931.60      5782      5758      5812
    U09954     55708     35.1484    0.2441  -22.0584   13.0900    0.2439    10456.80     10620     10533     10591
    P55724     55724     36.5907    0.2161  -22.3006   14.2900    0.2158    15063.57     15274     15153     15241
    P55726     55726     36.4485    0.3144  -21.2785   15.1700    0.3142    15016.97     15328     15271     15259
    U09956     55730     36.0469    0.2453  -22.0469   14.0000    0.2451    10384.17      9901      9880     10049
     N5975     55739     33.4336    0.3262  -21.1236   12.3100    0.3260     4506.76      4455      4430      4474
     N5987     55740     33.1924    0.2094  -22.3524   10.8400    0.2092     3048.48      3374      3301      3336
    P55776     55776     35.3623    0.3125  -21.3023   14.0600    0.3124     8017.71      7635      7683      7713
    P55793     55793     33.6885    0.4297  -19.5685   14.1200    0.4296     4200.03      4129      4108      4146
     N5980     55800     33.4169    0.2865  -21.6169   11.8000    0.2864     4212.28      4141      4121      4158
    P55803     55803     35.6441    0.2903  -21.5741   14.0700    0.2901    10240.27     10232     10149     10249
    P55810     55810     36.3198    0.2810  -21.6798   14.6400    0.2808    10477.61     10467     10431     10485
    P55820     55820     35.3091    0.3978  -20.0591   15.2500    0.3977     9889.85      9896      9842      9935
    U09978     55824     35.3353    0.3754  -20.4053   14.9300    0.3752     7972.45      7628      7646      7694
    P55828     55828     35.4237    0.3101  -21.3337   14.0900    0.3099     6978.43      6742      6748      6796
    P55839     55839     35.7718    0.3860  -20.2418   15.5300    0.3858    10573.31     10169     10101     10280
    P55899     55899     33.8171    0.3082  -21.3571   12.4600    0.3080     4703.18      4385      4564      4427
    P55904     55904     34.8037    0.3101  -21.3337   13.4700    0.3099     7592.17      7678      7712      7704
    U09996     55919     35.8237    0.1431  -22.7437   13.0800    0.1428    10422.22     10018      9951     10129
    P55920     55920     34.8396    0.3660  -20.5496   14.2900    0.3659     5853.54      5742      5652      5740
     N6011     56008     34.9497    0.2136  -22.3197   12.6300    0.2134     7683.71      7769      7803      7796
    P56068     56068     36.1724    0.2521  -21.9824   14.1900    0.2519     9849.02     10036     10043     10036
    U10057     56079     35.2690    0.2644  -21.8590   13.4100    0.2642     8597.63      8754      8749      8758
    P56093     56093     34.8168    0.4761  -18.8568   15.9600    0.4760     5943.99      5987      5806      5949
    P56124     56124     36.4363    0.3355  -20.9963   15.4400    0.3354    11818.01     12190     12287     12120
    P56137     56137     33.5160    0.3523  -20.7560   12.7600    0.3522     4645.66      4328      4506      4369
    P56154     56154     35.2510    0.2853  -21.6310   13.6200    0.2851     8492.09      8285      8268      8322
    P56157     56157     34.3080    0.3057  -21.3880   12.9200    0.3056     5873.29      5762      5672      5760
    P56269     56269     34.6532    0.2946  -21.5232   13.1300    0.2944     6496.74      6797      6532      6711
    P56278     56278     33.3278    0.3411  -20.9178   12.4100    0.3410     4729.36      4411      4590      4453
    P56315     56315     33.8764    0.3002  -21.4564   12.4200    0.3000     4568.98      3901      4091      3983
    P56341     56341     33.0044    0.3132  -21.2944   11.7100    0.3130     4492.89      3825      4015      3907
    P56343     56343     34.7327    0.2878  -21.6027   13.1300    0.2876     7289.95      7386      7159      7325
    P56436     56436     34.0060    0.3928  -20.1360   13.8700    0.3927     5903.48      6023      5816      5964
    P56487     56487     35.2607    0.3486  -20.8107   14.4500    0.3484     9512.41      8955      8975      9089
    P56500     56500     35.2041    0.2435  -22.0641   13.1400    0.2433     7530.11      7683      7489      7612
    U10181     56562     34.9529    0.2816  -21.6729   13.2800    0.2814     6550.34      6671      6726      6687
    U10121     56611     34.8585    0.2958  -21.5085   13.3500    0.2957     8920.89      8324      8449      8434
    P56617     56617     35.7274    0.2034  -22.3974   13.3300    0.2031    10209.38      9588      9625      9704
    P56653     56653     36.0169    0.3274  -21.1069   14.9100    0.3273    10577.06      9938      9989     10066
    U10134     56667     36.5733    0.2668  -21.8333   14.7400    0.2666    13237.91     13582     13479     13499
    P56670     56670     34.4214    0.2989  -21.4714   12.9500    0.2987     6015.62      6101      5903      6051
    U10136     56679     35.5549    0.3349  -21.0049   14.5500    0.3347     9445.04      9553      9472      9557
    P56701     56701     34.2845    0.3163  -21.2545   13.0300    0.3161     4761.33      4628      4611      4628
    P56705     56705     35.2927    0.4529  -19.2127   16.0800    0.4528     9992.28      9404      9400      9516
    P56718     56718     35.7203    0.3063  -21.3803   14.3400    0.3062     9577.31      9006      9014      9128
    U10212     56836     33.8160    0.3928  -20.1360   13.6800    0.3927     3917.89      4277      4217      4242
    P56852     56852     34.3213    0.2896  -21.5813   12.7400    0.2895     5675.58      5530      5463      5538
    P56891     56891     33.8935    0.2325  -22.1635   11.7300    0.2323     5518.67      5991      5861      5900
    P56948     56948     35.6834    0.3585  -20.6634   15.0200    0.3584    11981.51     12456     12514     12391
    P56965     56965     36.3242    0.3735  -20.4342   15.8900    0.3734    11785.60     12329     12385     12232
    P56992     56992     35.5960    0.3928  -20.1360   15.4600    0.3927    10701.87     10115     10122     10254
    P56997     56997     35.8386    0.3032  -21.4186   14.4200    0.3031    13122.17     13419     13397     13356
    U10176     57018     34.0400    0.3666  -20.5400   13.5000    0.3665     4727.40      4674      4641      4687
    P57037     57037     35.9190    0.2644  -21.8590   14.0600    0.2642    10525.09      9939      9946     10077
    P57042     57042     36.2268    0.3237  -21.1568   15.0700    0.3236    12328.38     12748     12810     12685
    U10190     57061     36.1476    0.3791  -20.3476   15.8000    0.3790    11163.56     11287     11265     11241
    U10193     57093     36.2714    0.1913  -22.4814   13.7900    0.1911    13212.67     13510     13488     13446
    P57122     57122     36.0253    0.2637  -21.8653   14.1600    0.2636    11669.47     12338     12309     12198
    P57140     57140     34.2355    0.2588  -21.9155   12.3200    0.2586     4831.38      4732      4674      4726
    U10207     57178     35.1279    0.2730  -21.7679   13.3600    0.2728     8863.70      8300      8364      8434
    P57193     57193     35.9905    0.3150  -21.2705   14.7200    0.3149    10914.64     11038     11016     10992
    P57241     57241     34.9237    0.2971  -21.4937   13.4300    0.2969     8306.85      8038      8050      8090
    P57250     57250     35.7078    0.2748  -21.7478   13.9600    0.2746    11657.74     12200     12257     12104
    P57271     57271     35.0116    0.3492  -20.8016   14.2100    0.3491     7235.51      7199      7061      7181
    P57278     57278     35.7693    0.2594  -21.9093   13.8600    0.2592    10711.62     10125     10132     10263
    U10227     57284     35.3212    0.1943  -22.4612   12.8600    0.1941     9072.84      8411      8464      8617
    P57312     57312     33.5126    0.3872  -20.2226   13.2900    0.3871     4378.85      4181      4208      4198
    U10232     57332     33.6580    0.4617  -19.0780   14.5800    0.4616     3395.56      3454      3413      3449
    U10236     57349     35.8965    0.2355  -22.1365   13.7600    0.2353    10050.44      9966      9709     10015
    P57390     57390     35.0836    0.3262  -21.1236   13.9600    0.3260    10229.90      9623      9637      9735
    P57399     57399     32.3942    0.5376  -17.9142   14.4800    0.5375     3567.91      3251      3334      3283
    U10257     57407     33.7361    0.3766  -20.3861   13.3500    0.3765     3876.52      4021      3971      4012
    P57544     57544     32.2372    0.4604  -19.0972   13.1400    0.4603     3388.95      2870      2952      2936
    U10298     57547     34.9293    0.3088  -21.3493   13.5800    0.3087     5852.01      5957      5927      5969
     N6084     57575     35.4203    0.1806  -22.5503   12.8700    0.1803     9158.51      8576      8668      8713
    P57665     57665     35.0734    0.1997  -22.4234   12.6500    0.1995     7723.65      7837      7647      7777
    U10306     57694     35.3396    0.2058  -22.3796   12.9600    0.2055     9272.00      9281      9250      9264
    U10334     57722     32.6865    0.5250  -18.1065   14.5800    0.5249     3103.34      3456      3395      3418
    P57772     57772     33.2798    0.3991  -20.0398   13.2400    0.3990     3776.50      3503      3585      3530
    P57843     57843     34.9199    0.3829  -20.2899   14.6300    0.3827     8459.40      8237      8246      8277
    P57876     57876     32.8098    0.2810  -21.6798   11.1300    0.2808     3461.39      3068      3096      3110
    P58083     58083     34.9354    0.2466  -22.0354   12.9000    0.2463     7367.88      7374      7165      7344
    P58129     58129     32.6449    0.3349  -21.0049   11.6400    0.3347     3908.16      3367      3438      3427
    U10388     58161     34.7351    0.2841  -21.6451   13.0900    0.2839     4682.68      4670      4647      4677
    U10386     58178     35.4762    0.2252  -22.2262   13.2500    0.2250     9136.47      9126      9108      9118
    P58226     58226     34.5151    0.2841  -21.6451   12.8700    0.2839     4261.03      4006      4086      4034
    U10447     58239     35.0412    0.2185  -22.2812   12.7600    0.2183     7042.32      7214      7265      7219
    U10425     58305     34.6260    0.2822  -21.6660   12.9600    0.2820     5913.59      6018      5989      6030
    U10406     58327     35.4453    0.1937  -22.4653   12.9800    0.1935    10124.50     10408     10291     10337
     N6177     58390     34.8384    0.2441  -22.0584   12.7800    0.2439     9330.97      9228      9124      9334
    P58411     58411     34.7279    0.2730  -21.7679   12.9600    0.2728     8443.42      8191      8211      8237
    P58416     58416     33.4264    0.4755  -18.8664   14.5600    0.4753     6055.70      6039      6025      6068
     N6189     58440     34.4545    0.2724  -21.7745   12.6800    0.2722     5627.94      5728      5687      5741
    P58451     58451     34.1201    0.3424  -20.9001   13.2200    0.3422     5355.99      5260      5208      5253
    P58459     58459     33.3661    0.2179  -22.2861   11.0800    0.2177     4193.19      4008      4045      4021
    U10452     58471     34.1524    0.4360  -19.4724   14.6800    0.4359     3403.50      3765      3704      3728
    P58474     58474     33.7864    0.3935  -20.1264   13.6600    0.3933     4907.98      4785      4761      4784
    U10460     58524     35.2726    0.3872  -20.2226   15.0500    0.3871     5288.61      5339      5336      5360
    U10459     58545     35.6426    0.2650  -21.8526   13.7900    0.2648     9020.41      8333      8332      8480
    P58582     58582     33.9085    0.4460  -19.3185   14.5900    0.4459     4181.15      3996      4033      4009
    P58642     58642     34.3736    0.3262  -21.1236   13.2500    0.3260     4752.40      4779      4843      4416
    U10475     58646     35.4105    0.3150  -21.2705   14.1400    0.3149     9528.36      9314      9370      9367
    U10495     58704     36.0398    0.2429  -22.0698   13.9700    0.2427    13562.71     13660     13654     13639
    P58792     58792     35.5376    0.3791  -20.3476   15.1900    0.3790     8349.22      8622      8337      8528
    U10542     58906     34.3289    0.2983  -21.4789   12.8500    0.2981     5891.65      5997      5956      6009
    U10535     58937     35.4570    0.2088  -22.3570   13.1000    0.2086     7622.91      7486      7486      7515
    U10561     58960     34.5446    0.2380  -22.1146   12.4300    0.2378     5685.56      5788      5766      5801
    P58973     58973     34.2627    0.2878  -21.6027   12.6600    0.2876     5233.67      5286      5298      5306
    P58974     58974     34.9249    0.3076  -21.3649   13.5600    0.3074     6825.95      6837      6591      6809
    U10587     59043     34.1885    0.3243  -21.1485   13.0400    0.3242     4525.48      4762      4731      4750
     N6246     59077     34.3660    0.3200  -21.2060   13.1600    0.3198     5309.93      5352      5357      5375
    U10569     59081     35.1341    0.2052  -22.3841   12.7500    0.2049     9717.02      9832      9786      9802
     M1110     59137     33.3485    0.4460  -19.3185   14.0300    0.4459     3839.89      4167      4126      4138
    U10596     59228     35.6569    0.3274  -21.1069   14.5500    0.3273    12105.33     12230     12291     12209
    U10614     59235     34.4651    0.4241  -19.6551   14.8100    0.4240     5606.73      5720      5697      5732
    U10616     59255     34.6449    0.5388  -17.8949   16.7500    0.5387     4976.38      5029      5041      5049
    U10619     59269     34.6272    0.4604  -19.0972   15.5300    0.4603     5324.34      5367      5372      5389
    P59280     59280     35.4184    0.1776  -22.5684   12.8500    0.1773     8662.22      8574      8521      8637
    U10659     59451     35.9012    0.2459  -22.0412   13.8600    0.2457    10148.53     10410     10354     10351
    U10680     59508     35.8441    0.2052  -22.3841   13.4600    0.2049     9029.12      9057      9022      9095
    U10687     59516     34.0862    0.4422  -19.3762   14.7100    0.4421     5218.87      5291      5298      5309
    U10681     59522     35.7596    0.2472  -22.0296   13.7300    0.2470     9818.83     10080     10079     10049
    U10674     59527     35.4990    0.2644  -21.8590   13.6400    0.2642    10563.91     10735     10793     10700
    U10692     59582     35.1508    0.2270  -22.2108   12.9400    0.2268     9318.56      9201      9192      9240
    U10710     59634     35.1274    0.2343  -22.1474   12.9800    0.2341     8298.66      8153      7926      8247
    U10714     59650     35.3954    0.2466  -22.0354   13.3600    0.2463     9490.12      9342      9327      9394
     N6301     59681     35.0893    0.1931  -22.4693   12.6200    0.1929     8333.16      8032      7971      8177
    P59688     59688     34.3852    0.3517  -20.7652   13.6200    0.3515     6735.92      6509      6560      6566
    P59737     59737     33.0624    0.4197  -19.7224   13.3400    0.4196     4865.12      5002      5163      4855
     N6313     59739     34.9474    0.2343  -22.1474   12.8000    0.2341     7233.57      7036      7069      7105
    U10738     59769     35.0361    0.2022  -22.4061   12.6300    0.2019     6707.58      6504      6564      6561
    U10779     59987     34.4478    0.2748  -21.7478   12.7000    0.2746     7003.30      7016      6946      7013
    U10780     59995     34.8990    0.3368  -20.9790   13.9200    0.3366     6728.52      6558      6616      6607
     N6361     60045     33.3268    0.2607  -21.8968   11.4300    0.2605     3769.39      4058      4020      4035
    P60078     60078     34.3352    0.4078  -19.9052   14.4300    0.4077     6387.78      6266      6311      6302
     N6347     60086     34.3852    0.2927  -21.5452   12.8400    0.2926     6117.30      6020      6069      6048
    P60167     60167     35.0272    0.3785  -20.3573   14.6700    0.3784     7256.45      7325      7316      7316
    P60180     60180     35.0448    0.2009  -22.4148   12.6300    0.2007     9110.78      9121      9128      9123
    U10838     60207     34.4902    0.3250  -21.1402   13.3500    0.3248     5071.10      5109      5122      5128
    U10834     60232     35.0499    0.3554  -20.7099   14.3400    0.3553     6130.66      6096      6139      6114
    P60234     60234     33.7305    0.3150  -21.2705   12.4600    0.3149     4980.95      5300      5213      5162
     N6372     60330     33.3407    0.3486  -20.8107   12.5300    0.3484     4708.96      4789      4784      4788
    P60352     60352     33.1259    0.5074  -18.3759   14.7500    0.5073     6348.53      6261      6324      6286
    P60434     60434     34.8463    0.3617  -20.6163   14.2300    0.3615     8429.41      8615      8484      8609
    U10895     60443     35.0692    0.3816  -20.3092   14.7600    0.3815     8430.79      8616      8486      8610
    U10899     60498     33.3436    0.4216  -19.6936   13.6500    0.4215     3175.13      3314      3307      3295
    P60546     60546     35.6063    0.3312  -21.0563   14.5500    0.3310     9296.68      9379      9388      9367
    U10943     60722     34.4440    0.2859  -21.6240   12.8200    0.2858     6737.99      6644      6702      6668
     N6433     60766     34.7054    0.1907  -22.4854   12.2200    0.1905     7442.57      7353      7405      7398
    U10981     60864     35.7082    0.2331  -22.1582   13.5500    0.2329    10833.96     10908     10995     10897
    P60894     60894     34.9701    0.3424  -20.9001   14.0700    0.3422     6359.87      6518      6482      6484
     N6460     60925     33.3614    0.3567  -20.6914   12.6700    0.3565     3290.23      3418      3428      3405
    U11016     61017     34.8276    0.3953  -20.0976   14.7300    0.3952     6411.59      6381      6454      6405
    U11021     61036     34.4265    0.3169  -21.2465   13.1800    0.3167     5105.14      5230      5223      5221
    U11041     61092     33.4305    0.3150  -21.2705   12.1600    0.3149     4791.99      4904      4913      4901
    U11050     61120     34.3068    0.3941  -20.1168   14.1900    0.3940     4775.86      4888      4897      4885
    U11058     61155     33.8107    0.3330  -21.0307   12.7800    0.3329     4667.22      4779      4789      4776
    U11060     61164     33.9378    0.2748  -21.7478   12.1900    0.2746     4575.06      4649      4666      4649
    U11076     61207     35.2380    0.2398  -22.0980   13.1400    0.2396     7465.89      7553      7547      7556
     N6532     61220     34.4390    0.3368  -20.9790   13.4600    0.3366     5404.75      5490      5513      5504
    U11091     61269     35.4156    0.3455  -20.8556   14.5600    0.3453     7123.64      7214      7225      7216
    U11099     61276     33.4086    0.4135  -19.8186   13.5900    0.4133     3621.15      3971      3935      3938
     N6492     61315     33.8429    0.1955  -22.4529   11.3900    0.1953     4342.64      4064      4152      4055
    U11100     61327     34.7756    0.3455  -20.8556   13.9200    0.3453     6399.79      6403      6484      6421
    U11108     61372     34.9968    0.3941  -20.1168   14.8800    0.3940     6687.29      6916      6908      6880
     N6548     61399     34.2077    0.2711  -21.7877   12.4200    0.2709     6603.48      6873      6861      6827
    U11118     61402     34.5734    0.3504  -20.7834   13.7900    0.3503     7147.68      7238      7249      7240
    P61444     61444     33.8562    0.4422  -19.3762   14.4800    0.4421     5983.00      6073      6089      6090
    U11126     61449     34.9951    0.4241  -19.6551   15.3400    0.4240     4701.04      4818      4818      4809
    P61491     61491     34.4250    0.3747  -20.4150   14.0100    0.3746     8290.58      8551      8515      8517
    U11134     61495     34.6482    0.4128  -19.8282   14.8200    0.4127     6360.98      6434      6478      6418
    U11142     61526     34.2521    0.3337  -21.0221   13.2300    0.3335     4400.78      4468      4498      4469
    U11151     61546     35.1746    0.1967  -22.4446   12.7300    0.1965     6820.56      7003      7023      6979
    U11162     61583     33.7635    0.4379  -19.4435   14.3200    0.4378     4509.18      4616      4625      4611
     N6586     61600     32.7779    0.3960  -20.0879   12.6900    0.3958     3028.63      3144      3174      3134
     N6617     61613     35.0627    0.3710  -20.4727   14.5900    0.3709     6627.93      6676      6702      6700
    U11173     61614     35.0410    0.2853  -21.6310   13.4100    0.2851     6735.68      6749      6757      6779
    U11182     61637     33.9397    0.4316  -19.5397   14.4000    0.4315     4171.74      4416      4403      4400
    P61666     61666     34.3035    0.3442  -20.8735   13.4300    0.3441     5444.11      5568      5591      5575
    U11188     61690     33.9126    0.3872  -20.2226   13.6900    0.3871     5168.48      5319      5332      5297
    U11194     61698     34.0124    0.2921  -21.5524   12.4600    0.2919     4625.93      4749      4757      4738
    P61712     61712     32.2796    0.4479  -19.2896   12.9900    0.4478     3521.08      3127      3203      3169
    P61755     61755     34.9417    0.2582  -21.9217   13.0200    0.2580     6722.29      7039      6819      6946
    P61799     61799     34.1917    0.3293  -21.0817   13.1100    0.3291     6964.96      7216      7023      7145
    U11225     61816     33.4727    0.4366  -19.4627   14.0100    0.4365     3719.07      4051      4026      4019
    U11230     61824     35.0838    0.3020  -21.4338   13.6500    0.3018     7032.14      7054      7093      7086
     N6651     61836     34.1159    0.2952  -21.5159   12.6000    0.2950     5680.48      5905      5916      5898
    U11237     61892     34.6624    0.3436  -20.8824   13.7800    0.3435     5196.39      5456      5431      5415
    U11248     61908     33.7819    0.5338  -17.9719   15.8100    0.5337     4723.12      4870      4889      4870
    U11242     61912     35.5146    0.1967  -22.4446   13.0700    0.1965    10352.13     10383     10479     10386
     N6640     61913     35.0715    0.2221  -22.2515   12.8200    0.2219     6690.01      6810      6849      6806
    U11255     61936     35.2360    0.2822  -21.6660   13.5700    0.2820     9609.39      9826      9787      9812
    U11254     61942     33.9677    0.4448  -19.3377   14.6300    0.4446     4855.86      5074      5063      5047
    U11264     61994     33.9267    0.4103  -19.8667   14.0600    0.4102     4854.45      5073      5061      5045
     N6662     62059     34.5304    0.2533  -21.9704   12.5600    0.2531     5343.58      5566      5575      5542
    U11289     62097     33.6641    0.3392  -20.9441   12.7200    0.3391     3849.69      3872      3953      3881
    P62119     62119     34.1425    0.3156  -21.2625   12.8800    0.3155     6774.63      7085      6892      7004
    U11293     62123     33.0586    0.4135  -19.8186   13.2400    0.4133     3334.79      3458      3492      3440
    U11307     62162     32.8691    0.4635  -19.0491   13.8200    0.4634     3002.70      3177      3231      3164
    U11301     62164     34.0584    0.2515  -21.9884   12.0700    0.2513     4357.14      4409      4467      4409
     N6674     62178     33.2955    0.2423  -22.0755   11.2200    0.2421     3284.82      3398      3454      3389
    U11334     62204     34.9298    0.4153  -19.7898   15.1400    0.4152     4479.15      4775      4772      4755
    U11313     62205     34.8385    0.2046  -22.3885   12.4500    0.2043     6515.72      6651      6661      6648
    U11316     62230     34.5850    0.4404  -19.4050   15.1800    0.4403     4409.66      4573      4569      4549
    U11320     62231     34.2004    0.2680  -21.8204   12.3800    0.2679     4664.60      4867      4844      4832
    U11328     62248     34.9737    0.3891  -20.1937   14.7800    0.3890     5519.54      5664      5693      5659
    U11323     62249     33.7798    0.3991  -20.0398   13.7400    0.3990     3961.57      3987      4072      3997
    U11341     62301     34.8763    0.3355  -20.9963   13.8800    0.3354     5689.56      5834      5861      5829
    U11346     62336     33.5066    0.4266  -19.6166   13.8900    0.4265     4487.44      4650      4646      4627
    U11344     62338     33.7524    0.2921  -21.5524   12.2000    0.2919     3681.49      3706      3797      3714
     N6700     62376     34.2856    0.2368  -22.1256   12.1600    0.2366     4433.98      4654      4640      4623
    U11350     62380     34.2311    0.2964  -21.5011   12.7300    0.2963     4545.83      4660      4688      4646
    P62381     62381     33.2688    0.3810  -20.3188   12.9500    0.3809     4466.01      4590      4544      4511
    P62428     62428     33.7297    0.2915  -21.5597   12.1700    0.2913     4514.01      4632      4603      4563
    U11355     62429     34.1711    0.2754  -21.7411   12.4300    0.2753     4198.82      4225      4309      4234
    P62463     62463     34.3539    0.2995  -21.4639   12.8900    0.2994     5225.21      5382      5312      5285
    U11373     62501     35.6945    0.2130  -22.3245   13.3700    0.2128     8552.17      8801      8761      8783
    U11371     62509     33.8736    0.3262  -21.1236   12.7500    0.3260     3588.26      3670      3751      3671
    P62514     62514     34.9146    0.2380  -22.1146   12.8000    0.2378     8390.42      8613      8502      8538
    U11377     62518     35.0032    0.3299  -21.0732   13.9300    0.3298     7367.40      7597      7623      7588
    P62528     62528     33.4255    0.2588  -21.9155   11.5100    0.2586     3602.64      3151      3248      3203
    U11375     62548     34.1635    0.3442  -20.8735   13.2900    0.3441     4154.81      4259      4302      4253
    P62550     62550     33.9526    0.2650  -21.8526   12.1000    0.2648     5759.14      5868      5757      5796
    P62585     62585     33.7444    0.3132  -21.2944   12.4500    0.3130     4868.80      4659      4742      4673
    U11379     62593     32.8979    0.4122  -19.8379   13.0600    0.4121     4241.95      4346      4390      4340
    P62645     62645     34.8980    0.3113  -21.3180   13.5800    0.3111     6778.78      6915      6820      6867
     N6750     62671     32.9784    0.3804  -20.3284   12.6500    0.3802     3569.45      3907      3891      3873
    P62678     62678     34.9578    0.2576  -21.9278   13.0300    0.2574     7913.79      8068      8045      8066
    P62706     62706     32.8583    0.3966  -20.0783   12.7800    0.3965     3123.01      2764      2846      2804
    U11394     62717     34.0622    0.3187  -21.2222   12.8400    0.3186     4050.61      4237      4248      4212
    P62718     62718     35.4713    0.2896  -21.5813   13.8900    0.2895     7899.12      8054      8030      8052
    U11397     62725     34.4544    0.2539  -21.9644   12.4900    0.2537     4352.66      4539      4557      4521
    U11399     62748     34.7443    0.2619  -21.8843   12.8600    0.2617     6208.93      6455      6487      6427
    P62773     62773     34.1551    0.2841  -21.6451   12.5100    0.2839     5618.46      5523      5611      5528
    U11404     62781     33.1998    0.2429  -22.0698   11.1300    0.2427     3736.53      3859      3916      3853
    U11411     62845     34.9659    0.2952  -21.5159   13.4500    0.2950     7307.12      7433      7433      7444
    U11409     62860     35.4208    0.2699  -21.8008   13.6200    0.2697     8176.16      8387      8410      8368
    P62861     62861     33.9585    0.3243  -21.1485   12.8100    0.3242     5501.48      5705      5564      5590
     N6754     62871     33.0324    0.2921  -21.5524   11.4800    0.2919     3153.39      2931      2961      2945
    P62882     62882     35.4462    0.3026  -21.4262   14.0200    0.3025     8066.20      8230      8187      8177
    P62889     62889     34.3317    0.2631  -21.8717   12.4600    0.2629     5614.96      5477      5522      5483
    U11417     62944     33.4469    0.4435  -19.3569   14.0900    0.4434     3782.42      3904      3962      3898
    P62961     62961     34.9039    0.2687  -21.8139   13.0900    0.2685     6966.37      7038      7057      7007
    U11422     62982     33.9314    0.3854  -20.2514   13.6800    0.3852     4483.71      4718      4724      4693
    U11427     62985     33.6721    0.4028  -19.9821   13.6900    0.4027     3949.42      4309      4300      4276
    P63004     63004     33.7412    0.4341  -19.5012   14.2400    0.4340     5414.84      5674      5687      5661
    P63017     63017     35.3554    0.2466  -22.0354   13.3200    0.2463     7308.54      7552      7421      7469
    U11426     63040     33.5529    0.3386  -20.9529   12.6000    0.3385     4265.97      4514      4511      4481
    P63046     63046     34.4492    0.3816  -20.3092   14.1400    0.3815     6400.37      6418      6449      6399
     N6792     63096     33.9053    0.1937  -22.4653   11.4400    0.1935     4460.96      4695      4701      4671
    P63103     63103     34.4072    0.3947  -20.1072   14.3000    0.3946     6227.06      6412      6299      6352
    P63128     63128     34.5976    0.3791  -20.3476   14.2500    0.3790     6482.90      6620      6666      6629
    U11433     63165     33.6479    0.3960  -20.0879   13.5600    0.3958     4243.76      4492      4489      4458
    P63173     63173     34.1590    0.3368  -20.9790   13.1800    0.3366     5269.06      5037      5124      5067
    P63195     63195     33.9674    0.3629  -20.5974   13.3700    0.3628     3910.27      4266      4237      4233
    U11438     63212     33.7603    0.3835  -20.2803   13.4800    0.3834     3822.43      4095      4111      4071
     N6801     63229     33.2274    0.3629  -20.5974   12.6300    0.3628     4205.36      4510      4504      4483
    P63264     63264     33.3472    0.3785  -20.3573   12.9900    0.3784     4440.99      4596      4432      4489
    U11455     63286     34.0774    0.1919  -22.4774   11.6000    0.1917     5283.14      5572      5582      5553
    P63302     63302     34.0592    0.3324  -21.0392   13.0200    0.3323     5082.16      5485      5333      5358
    U11450     63308     35.1367    0.1812  -22.5467   12.5900    0.1809     8037.35      8282      8230      8258
    U11453     63311     33.1660    0.3200  -21.2060   11.9600    0.3198     3688.19      3989      3996      3960
    P63347     63347     34.2803    0.3181  -21.2303   13.0500    0.3180     5263.29      5552      5562      5533
    P63407     63407     33.7876    0.3536  -20.7376   13.0500    0.3534     4096.69      4035      3939      3973
    P63477     63477     33.4008    0.3679  -20.5208   12.8800    0.3678     5606.90      5821      5854      5780
    P63525     63525     34.4116    0.3380  -20.9616   13.4500    0.3379     5230.69      4921      5042      4959
    P63540     63540     34.3553    0.2637  -21.8653   12.4900    0.2636     5787.96      5829      5834      5806
    P63592     63592     34.4883    0.2545  -21.9583   12.5300    0.2543     5617.42      5473      5542      5485
    U11471     63601     34.6613    0.2896  -21.5813   13.0800    0.2895     8090.09      8424      8299      8382
    P63622     63622     34.5147    0.3305  -21.0647   13.4500    0.3304     5592.82      5549      5492      5479
    U11473     63629     33.8121    0.3337  -21.0221   12.7900    0.3335     4447.25      4685      4714      4663
    P63635     63635     35.3934    0.1925  -22.4734   12.9200    0.1923     9970.60     10203     10207     10153
    U11475     63655     33.4766    0.4429  -19.3666   14.1100    0.4428     3097.32      3444      3432      3407
    U11477     63664     32.9875    0.4116  -19.8475   13.1400    0.4115     3549.39      3874      3873      3842
    P63697     63697     34.6511    0.2964  -21.5011   13.1500    0.2963     5585.18      5810      5827      5763
    U11487     63706     33.9734    0.3504  -20.7834   13.1900    0.3503     5542.79      5798      5830      5784
    U11486     63712     34.8369    0.2909  -21.5669   13.2700    0.2907     7698.09      7941      7837      7918
    P63751     63751     34.4669    0.3274  -21.1069   13.3600    0.3273     5772.56      5661      5666      5644
    U11492     63766     33.3387    0.3473  -20.8287   12.5100    0.3472     3395.30      3720      3719      3687
    P63776     63776     34.5683    0.3966  -20.0783   14.4900    0.3965     5653.95      5628      5600      5606
    P63786     63786     34.6398    0.2662  -21.8398   12.8000    0.2660     5042.27      5303      5306      5252
    P63819     63819     33.2105    0.4166  -19.7705   13.4400    0.4165     4744.98      5001      4816      4874
    P63840     63840     34.0637    0.3101  -21.3337   12.7300    0.3099     5512.98      5508      5436      5437
    U11498     63861     33.2898    0.2429  -22.0698   11.2200    0.2427     3012.88      3196      3248      3170
    P63900     63900     33.9647    0.3305  -21.0647   12.9000    0.3304     6253.98      6575      6404      6494
    P63950     63950     34.8517    0.2631  -21.8717   12.9800    0.2629     5759.39      5931      5718      5815
    U11505     64016     35.1568    0.2410  -22.0868   13.0700    0.2408     7734.83      8093      8062      8011
    U11510     64026     33.8457    0.3051  -21.3957   12.4500    0.3049     3732.98      4033      4046      4006
    P64058     64058     33.8571    0.3082  -21.3571   12.5000    0.3080     5288.04      5023      5107      5052
    U11512     64065     34.0140    0.2859  -21.6240   12.3900    0.2858     4184.73      4344      4397      4317
    P64083     64083     34.7997    0.3480  -20.8197   13.9800    0.3478     5255.62      5524      5511      5467
    P64121     64121     34.8678    0.3635  -20.5878   14.2800    0.3634     7167.02      7468      7485      7405
    P64137     64137     33.6757    0.3760  -20.3957   13.2800    0.3759     5402.69      5671      5658      5614
    P64147     64147     34.9464    0.2527  -21.9764   12.9700    0.2525     6740.30      6963      6870      6903
    U11517     64162     34.1077    0.3361  -20.9877   13.1200    0.3360     7113.92      7361      7408      7313
    P64188     64188     33.2048    0.4072  -19.9148   13.2900    0.4071     5643.44      5939      5759      5824
    P64227     64227     34.1100    0.3666  -20.5400   13.5700    0.3665     5468.41      5201      5295      5226
    U11522     64237     33.2665    0.3772  -20.3765   12.8900    0.3771     5010.09      5208      5226      5166
    U11528     64276     34.7027    0.2447  -22.0527   12.6500    0.2445     4795.17      5081      5114      5058
    P64282     64282     34.1214    0.3567  -20.6914   13.4300    0.3565     5441.52      5721      5753      5702
    U11527     64318     34.2198    0.2662  -21.8398   12.3800    0.2660     5220.76      5282      5346      5268
    P64358     64358     34.3527    0.3579  -20.6727   13.6800    0.3578     5872.51      6107      5908      5994
    P64373     64373     34.6262    0.2558  -21.9462   12.6800    0.2556     5429.98      5422      5467      5414
    P64377     64377     34.2021    0.3573  -20.6821   13.5200    0.3572     5253.25      5315      5379      5301
    P64385     64385     34.0402    0.3250  -21.1402   12.9000    0.3248     5405.80      5398      5443      5390
    P64410     64410     34.3371    0.3082  -21.3571   12.9800    0.3080     5807.11      6041      5842      5929
    U11534     64425     34.7049    0.3910  -20.1649   14.5400    0.3908     6736.62      6974      7023      6933
    P64432     64432     33.1849    0.4567  -19.1549   14.0300    0.4565     3131.97      2879      2911      2890
    P64448     64448     34.7316    0.3492  -20.8016   13.9300    0.3491     5907.04      6133      5948      6061
    P64451     64451     34.8592    0.3654  -20.5592   14.3000    0.3653     7764.75      8107      8090      8037
    U11537     64458     34.0146    0.2380  -22.1146   11.9000    0.2378     5145.64      5257      5307      5234
    P64534     64534     34.2940    0.2859  -21.6240   12.6700    0.2858     5396.75      5388      5449      5383
    U11543     64563     34.9790    0.2644  -21.8590   13.1200    0.2642     7580.08      7797      7860      7756
    P64577     64577     33.8207    0.3841  -20.2707   13.5500    0.3840     6853.29      7056      7139      7027
    P64579     64579     33.5049    0.3910  -20.1649   13.3400    0.3908     5513.25      5490      5438      5456
    P64592     64592     34.5027    0.3710  -20.4727   14.0300    0.3709     8217.45      8478      8518      8436
    P64626     64626     34.2008    0.3679  -20.5208   13.6800    0.3678     5813.60      5932      5893      5898
    P64647     64647     33.0642    0.5376  -17.9142   15.1500    0.5375     3155.91      3312      3327      3274
    U11553     64649     33.4712    0.5162  -18.2412   15.2300    0.5161     3672.06      3781      3854      3765
    P64660     64660     35.6012    0.2459  -22.0412   13.5600    0.2457     9654.13      9637      9575      9619
    P64690     64690     34.7286    0.4135  -19.8186   14.9100    0.4133     5537.11      5514      5462      5480
    P64697     64697     34.9990    0.3417  -20.9090   14.0900    0.3416     5390.66      5479      5500      5451
    U11568     64759     33.5776    0.2767  -21.7276   11.8500    0.2765     3939.53      4041      4131      4029
    U11571     64781     33.7584    0.3542  -20.7284   13.0300    0.3540     4490.25      4724      4728      4678
    P64783     64783     36.4684    0.2515  -21.9884   14.4800    0.2513    13516.43     13443     13356     13475
    P64812     64812     33.8588    0.3810  -20.3188   13.5400    0.3809     5364.97      5472      5519      5447
    U11575     64821     33.4105    0.4166  -19.7705   13.6400    0.4165     3702.37      3811      3884      3795
    P64825     64825     33.7452    0.4736  -18.8952   14.8500    0.4735     5833.06      5887      5830      5855
    U11582     64856     33.5959    0.4091  -19.8859   13.7100    0.4090     3425.77      3561      3684      3552
    U11579     64862     34.8489    0.2983  -21.4789   13.3700    0.2981     5615.31      5866      5813      5804
    U11584     64891     34.5236    0.2798  -21.6936   12.8300    0.2796     5060.21      5186      5244      5161
    P64942     64942     34.3618    0.3860  -20.2418   14.1200    0.3858     5703.75      5823      5783      5788
    P64947     64947     34.6695    0.3985  -20.0495   14.6200    0.3983     5912.62      6066      5919      6008
    P64948     64948     36.1415    0.2234  -22.2415   13.9000    0.2231    13808.30     13750     13696     13781
    U11594     64991     35.3169    0.2453  -22.0469   13.2700    0.2451     7832.90      8051      8095      8012
    U11595     65007     33.6914    0.3567  -20.6914   13.0000    0.3565     3722.87      3858      3911      3835
    P65022     65022     34.5456    0.2368  -22.1256   12.4200    0.2366     5514.93      5603      5624      5576
    U11603     65052     34.2929    0.3386  -20.9529   13.3400    0.3385     5019.15      5332      5361      5307
     N6941     65054     34.1880    0.2625  -21.8780   12.3100    0.2623     5939.44      6196      6110      6134
    U11599     65060     33.5137    0.2478  -22.0237   11.4900    0.2476     4158.05      4293      4370      4271
     N6944     65108     33.7506    0.4003  -20.0206   13.7300    0.4002     3901.55      4013      4090      3997
    P65131     65131     33.3002    0.3119  -21.3102   11.9900    0.3118     3613.37      3753      3792      3725
    U11610     65157     34.2764    0.3002  -21.4564   12.8200    0.3000     5158.38      5447      5425      5389
    P65158     65158     33.9704    0.4491  -19.2704   14.7000    0.4490     3714.47      3854      3893      3826
    P65192     65192     34.9969    0.3274  -21.1069   13.8900    0.3273     7338.05      7426      7362      7389
    U11614     65198     35.1550    0.2142  -22.3150   12.8400    0.2140     7936.99      8158      8167      8119
    U11615     65203     34.5416    0.4347  -19.4916   15.0500    0.4346     4062.74      4261      4314      4231
    P65214     65214     35.3016    0.3492  -20.8016   14.5000    0.3491     7786.30      7916      7997      7900
    P65216     65216     34.5285    0.4460  -19.3185   15.2100    0.4459     5575.94      5678      5554      5619
    U11635     65255     33.8046    0.2380  -22.1146   11.6900    0.2378     4705.00      5083      5083      5045
    U11623     65293     33.9763    0.3312  -21.0563   12.9200    0.3310     4356.48      4504      4563      4481
    U11622     65297     33.5356    0.4742  -18.8856   14.6500    0.4741     3839.13      4000      4032      3970
    U11624     65346     34.6886    0.4955  -18.5586   16.1300    0.4954     4525.08      4709      4735      4676
     N6969     65425     34.3398    0.2872  -21.6098   12.7300    0.2870     4390.00      4573      4604      4540
    U11638     65466     34.3701    0.2374  -22.1201   12.2500    0.2372     5412.10      5792      5771      5732
    P65506     65506     34.6917    0.2582  -21.9217   12.7700    0.2580     5717.64      5890      5847      5847
    P65508     65508     35.5911    0.2964  -21.5011   14.0900    0.2963    14157.34     14101     14017     14122
    P65529     65529     35.1540    0.2570  -21.9340   13.2200    0.2568     6954.35      7010      7054      6997
    P65536     65536     33.6630    0.3879  -20.2130   13.4500    0.3877     5709.80      5784      5706      5744
    U11648     65642     33.0179    0.3960  -20.0879   12.9300    0.3958     3203.47      3583      3554      3544
    U11647     65683     34.9980    0.2625  -21.8780   13.1200    0.2623     7689.47      7837      7887      7822
    U11650     65748     35.6012    0.2736  -21.7612   13.8400    0.2734     8782.76      9119      9107      9058
    P65769     65769     34.2093    0.4310  -19.5493   14.6600    0.4309     4627.05      4926      4890      4867
    U11652     65781     33.7746    0.4560  -19.1646   14.6100    0.4559     4534.21      4828      4799      4768
    P65804     65804     35.0046    0.3598  -20.6446   14.3600    0.3596     8571.15      8866      8855      8816
    U11656     65834     34.0779    0.4122  -19.8379   14.2400    0.4121     4268.86      4450      4497      4421
    U11660     65880     33.5277    0.5269  -18.0777   15.4500    0.5268     4495.25      4700      4725      4664
    P65915     65915     33.0603    0.3181  -21.2303   11.8300    0.3180     3082.07      2918      2928      2912
    P65994     65994     33.5751    0.4241  -19.6551   13.9200    0.4240     5590.85      5704      5603      5658
     N7025     66151     33.9075    0.1535  -22.6975   11.2100    0.1532     4646.94      4971      4927      4910
    P66373     66373     35.1927    0.4366  -19.4627   15.7300    0.4365    11178.71     11223     11335     11228
    P66376     66376     32.8752    0.4078  -19.9052   12.9700    0.4077     3247.55      3183      3146      3158
    U11706     66396     34.5502    0.3250  -21.1402   13.4100    0.3248     4398.21      4625      4643      4586
    U11738     66478     34.1819    0.3698  -20.4919   13.6900    0.3696     4148.45      4500      4484      4469
    P66506     66506     33.7839    0.4385  -19.4339   14.3500    0.4384     4432.54      4725      4709      4679
    U11723     66579     33.9740    0.2859  -21.6240   12.3500    0.2858     4564.49      4747      4780      4714
    U11726     66585     34.7624    0.2521  -21.9824   12.7800    0.2519     7446.76      7751      7789      7716
    P66588     66588     35.9891    0.2003  -22.4191   13.5700    0.2001    11523.83     11571     11487     11534
    U11724     66590     34.4153    0.3916  -20.1553   14.2600    0.3915     5869.54      6064      6094      6032
    U11729     66612     33.9438    0.5370  -17.9238   16.0200    0.5369     4310.27      4493      4565      4476
    U11732     66618     33.9991    0.3978  -20.0591   13.9400    0.3977     4428.62      4635      4670      4614
    P66709     66709     35.2952    0.2927  -21.5452   13.7500    0.2926     8548.08      8927      8852      8850
    P66727     66727     35.3793    0.2594  -21.9093   13.4700    0.2592     7334.67      7297      7262      7286
    U11745     66771     34.1525    0.4035  -19.9725   14.1800    0.4033     7161.37      7472      7512      7438
    P66778     66778     34.5769    0.3779  -20.3669   14.2100    0.3777     6411.23      6493      6527      6477
    P66803     66803     35.4678    0.2748  -21.7478   13.7200    0.2746     8458.19      8837      8762      8760
    P66872     66872     35.0480    0.3057  -21.3880   13.6600    0.3056     7401.08      7331      7294      7326
    U11758     66880     35.3394    0.1901  -22.4894   12.8500    0.1899     8292.09      8469      8487      8438
    P66948     66948     35.3274    0.2693  -21.8074   13.5200    0.2691     9614.55      9924      9926      9869
    U11765     66958     34.7476    0.3791  -20.3476   14.4000    0.3790     6341.51      6496      6570      6479
    P66969     66969     34.5879    0.2730  -21.7679   12.8200    0.2728     4990.17      5326      5306      5278
    U11783     67071     35.3978    0.3318  -21.0478   14.3500    0.3316     7085.80      7438      7481      7392
    P67087     67087     33.9640    0.4060  -19.9340   14.0300    0.4058     4619.79      4802      4836      4790
     N7096     67093     33.0945    0.3903  -20.1745   12.9200    0.3902     3207.28      3201      3151      3160
    P67158     67158     33.3585    0.3281  -21.0985   12.2600    0.3279     3110.03      3305      3297      3256
    P67213     67213     34.7569    0.2453  -22.0469   12.7100    0.2451     6764.53      6792      6725      6771
    P67233     67233     34.2967    0.4924  -18.6067   15.6900    0.4923     3045.04      3240      3232      3191
    U11799     67246     34.0352    0.2927  -21.5452   12.4900    0.2926     5059.88      5262      5309      5249
     N7115     67248     31.8085    0.4460  -19.3185   12.4900    0.4459     3176.30      3371      3363      3322
    P67299     67299     34.9418    0.3860  -20.2418   14.7000    0.3858     5631.90      5725      5674      5693
    P67310     67310     33.4325    0.4855  -18.7125   14.7200    0.4854     4793.77      4883      4825      4840
    P67339     67339     34.3619    0.3256  -21.1319   13.2300    0.3254     4368.07      4586      4599      4546
    U11821     67419     34.6690    0.1871  -22.5090   12.1600    0.1869     7445.00      7584      7636      7574
    U11824     67441     34.9913    0.3430  -20.8913   14.1000    0.3428     6854.78      7238      7266      7187
    P67499     67499     35.6777    0.3361  -20.9877   14.6900    0.3360    11073.58     11180     11318     11179
    U11832     67506     35.5049    0.3349  -21.0049   14.5000    0.3347     8210.08      8412      8405      8375
    U11836     67511     34.4469    0.3779  -20.3669   14.0800    0.3777     6421.31      6816      6857      6777
    U11837     67529     34.4659    0.2952  -21.5159   12.9500    0.2950     5026.07      5236      5272      5222
    U11838     67550     33.6416    0.4347  -19.4916   14.1500    0.4346     3166.72      3330      3441      3322
    U11839     67556     34.7439    0.2687  -21.8139   12.9300    0.2685     5631.34      6004      5952      5947
    P67561     67561     34.5688    0.3648  -20.5688   14.0000    0.3646     5026.48      5230      5209      5187
    U11840     67569     34.8897    0.3480  -20.8197   14.0700    0.3478     7644.58      7712      7745      7706
    P67584     67584     35.5395    0.3985  -20.0495   15.4900    0.3983     7949.21      8098      8069      8067
    P67598     67598     35.8142    0.2313  -22.1742   13.6400    0.2311     8092.09      8253      8231      8223
     N7152     67601     34.5341    0.3194  -21.2141   13.3200    0.3192     6256.92      6259      6257      6246
    P67619     67619     34.7914    0.1913  -22.4814   12.3100    0.1911     7022.36      7083      7186      7087
    U11845     67621     35.1178    0.3635  -20.5878   14.5300    0.3634     6876.37      6937      7040      6941
     N7153     67624     35.0046    0.1967  -22.4446   12.5600    0.1965     6716.37      6725      6688      6708
    U11846     67626     35.2509    0.2773  -21.7209   13.5300    0.2771     8157.61      8318      8297      8289
    U11849     67648     34.4184    0.3175  -21.2384   13.1800    0.3173     5500.73      5781      5789      5745
    U11848     67650     34.4149    0.4729  -18.9049   15.5100    0.4728     4640.74      4869      4890      4833
    P67655     67655     35.8621    0.3337  -21.0221   14.8400    0.3335    11116.54     11251     11417     11242
    P67668     67668     35.1042    0.3735  -20.4342   14.6700    0.3734     8733.43      9049      9068      8989
    U11853     67672     33.9509    0.4172  -19.7609   14.1900    0.4171     4472.01      4690      4703      4650
    U11855     67675     34.3504    0.2680  -21.8204   12.5300    0.2679     5270.46      5453      5486      5438
    U11854     67678     36.4560    0.2264  -22.2160   14.2400    0.2262    12738.37     12696     12936     12723
    P67688     67688     34.0434    0.3885  -20.2034   13.8400    0.3883     5593.29      5754      5651      5704
    U11857     67694     35.5939    0.2995  -21.4639   14.1300    0.2994     8754.09      9134      9124      9061
    P67709     67709     33.8669    0.4435  -19.3569   14.5100    0.4434     6799.21      7178      7204      7125
    P67717     67717     33.8276    0.3953  -20.0976   13.7300    0.3952     7341.75      7466      7521      7459
    U11862     67727     34.4254    0.3399  -20.9354   13.4900    0.3397     5538.07      5931      5851      5862
    P67731     67731     34.9478    0.3635  -20.5878   14.3600    0.3634     6938.42      6985      6944      6965
    P67743     67743     34.7152    0.2927  -21.5452   13.1700    0.2926     8853.78      8851      8812      8840
    U11863     67756     34.0369    0.4598  -19.1069   14.9300    0.4597     4522.47      4752      4751      4709
    U11867     67766     34.0168    0.3941  -20.1168   13.9000    0.3940     4508.42      4737      4736      4695
    P67770     67770     34.4603    0.3063  -21.3803   13.0800    0.3062     5156.83      5295      5238      5253
    P67778     67778     34.5374    0.3629  -20.5974   13.9400    0.3628     5797.74      5874      5848      5848
    P67793     67793     34.5892    0.3548  -20.7192   13.8700    0.3547     5677.58      5928      5952      5899
    U11869     67797     34.5017    0.3293  -21.0817   13.4200    0.3291     5057.90      5358      5329      5316
    P67811     67811     34.2197    0.2915  -21.5597   12.6600    0.2913     5050.01      5241      5204      5194
    U11870     67814     34.5027    0.3710  -20.4727   14.0300    0.3709     9264.35      9600      9636      9546
    P67820     67820     35.7723    0.3125  -21.3023   14.4700    0.3124     9024.41      9412      9420      9346
    U11873     67831     35.1701    0.3287  -21.0901   14.0800    0.3285     7071.13      7269      7314      7249
    P67851     67851     34.2997    0.3480  -20.8197   13.4800    0.3478     4887.20      5029      4987      4987
    P67855     67855     33.9788    0.3648  -20.5688   13.4100    0.3646     4876.45      5018      4977      4977
    P67857     67857     35.1064    0.3138  -21.2864   13.8200    0.3136     7460.25      7463      7556      7477
    U11875     67865     35.4905    0.4166  -19.7705   15.7200    0.4165     7498.14      7548      7591      7551
    U11877     67891     35.9249    0.3349  -21.0049   14.9200    0.3347     9028.82      9381      9419      9323
    U11876     67899     34.5407    0.4498  -19.2607   15.2800    0.4497     3610.09      3817      3857      3784
    P67903     67903     35.1996    0.3660  -20.5496   14.6500    0.3659     9338.65      9674      9734      9624
    P67907     67907     33.4342    0.3735  -20.4342   13.0000    0.3734     4209.72      4259      4270      4232
    P67911     67911     33.8159    0.4254  -19.6359   14.1800    0.4252     4446.94      4551      4621      4556
    U11886     67917     33.2251    0.4241  -19.6551   13.5700    0.4240     5340.80      5641      5612      5599
    P67931     67931     34.8822    0.3187  -21.2222   13.6600    0.3186     7811.19      8005      7972      7969
     N7189     67934     34.8337    0.2478  -22.0237   12.8100    0.2476     8703.12      8987      9001      8933
    P67956     67956     34.5262    0.3026  -21.4262   13.1000    0.3025     5014.50      5186      5140      5141
    U11894     67965     34.3061    0.2496  -22.0061   12.3000    0.2494     5000.08      5151      5211      5148
    U11895     67977     34.0336    0.2798  -21.6936   12.3400    0.2796     4423.35      4484      4556      4504
    P67979     67979     36.2511    0.2754  -21.7411   14.5100    0.2753    11889.49     11904     12052     11911
    P67992     67992     34.5920    0.4354  -19.4820   15.1100    0.4352     8218.70      8478      8436      8431
    P67993     67993     34.5707    0.3841  -20.2707   14.3000    0.3840     5252.67      5391      5334      5349
    U11896     67994     35.1263    0.3355  -20.9963   14.1300    0.3354     7305.54      7377      7440      7382
    U11900     68000     35.8504    0.2791  -21.7004   14.1500    0.2790     9204.02      9349      9437      9354
    P68005     68005     33.6276    0.3791  -20.3476   13.2800    0.3790     5761.58      6015      6027      5986
    U11901     68009     35.0749    0.3076  -21.3649   13.7100    0.3074     7741.00      7847      7852      7833
    U11906     68012     34.3119    0.3256  -21.1319   13.1800    0.3254     4945.80      5009      5092      5033
    P68037     68037     35.6456    0.4085  -19.8956   15.7500    0.4083     9921.46     10188     10282     10153
     N7201     68040     33.9762    0.2558  -21.9462   12.0300    0.2556     4124.06      4220      4229      4186
    P68043     68043     34.3967    0.4103  -19.8667   14.5300    0.4102     6563.33      6545      6555      6536
    U11918     68044     33.9852    0.3604  -20.6352   13.3500    0.3603     3960.73      4317      4309      4285
    P68045     68045     35.6702    0.2502  -22.0002   13.6700    0.2500    10012.28     10271     10368     10237
    U11912     68081     34.6791    0.2003  -22.4191   12.2600    0.2001     6587.78      7099      7073      7031
    P68085     68085     32.9736    0.5037  -18.4336   14.5400    0.5036     3157.30      3367      3418      3338
    P68113     68113     34.7925    0.3156  -21.2625   13.5300    0.3155     5160.71      5326      5266      5281
    P68114     68114     33.7340    0.4222  -19.6840   14.0500    0.4221     4099.20      4195      4204      4162
    P68122     68122     33.3614    0.3854  -20.2514   13.1100    0.3852     4138.82      4188      4199      4161
    U11925     68151     33.0455    0.5068  -18.3855   14.6600    0.5067     4251.64      4256      4352      4292
    P68177     68177     34.1946    0.3598  -20.6446   13.5500    0.3596     4678.33      4897      4878      4852
    P68181     68181     34.8839    0.2995  -21.4639   13.4200    0.2994     7845.98      8068      8001      8033
    P68190     68190     35.5033    0.3225  -21.1733   14.3300    0.3223    10364.34     10589     10705     10561
    P68203     68203     35.3210    0.3039  -21.4110   13.9100    0.3037     5826.82      6192      6109      6128
     N7221     68235     33.6962    0.2656  -21.8462   11.8500    0.2654     4071.61      4167      4177      4134
    U11946     68248     34.5711    0.2754  -21.7411   12.8300    0.2753     5246.44      5716      5618      5641
     N7228     68254     34.4465    0.2215  -22.2565   12.1900    0.2213     6246.46      6770      6732      6694
    P68316     68316     33.6359    0.4254  -19.6359   14.0000    0.4252     6043.61      6555      6479      6477
    P68336     68336     34.1377    0.4448  -19.3377   14.8000    0.4446     3999.14      4095      4104      4061
    P68349     68349     34.1900    0.3666  -20.5400   13.6500    0.3665     4020.33      4116      4125      4083
    P68391     68391     33.7792    0.3654  -20.5592   13.2200    0.3653     3728.73      3869      3886      3830
    P68413     68413     34.0987    0.3473  -20.8287   13.2700    0.3472     4817.24      4820      4920      4849
    U11967     68429     34.0301    0.4160  -19.7801   14.2500    0.4158     4709.19      4682      4806      4717
    P68455     68455     32.5210    0.2853  -21.6310   10.8900    0.2851     3151.85      3359      3316      3300
    P68471     68471     34.4349    0.3349  -21.0049   13.4300    0.3347     5607.38      5972      5889      5909
    U11973     68482     33.4480    0.2398  -22.0980   11.3500    0.2396     3914.96      3870      4026      3913
     N7246     68512     33.6185    0.3243  -21.1485   12.4700    0.3242     3789.71      3977      3992      3936
    P68548     68548     33.7041    0.2779  -21.7141   11.9900    0.2777     4679.55      4817      4757      4768
    U11983     68557     33.6740    0.4060  -19.9340   13.7400    0.4058     4586.37      4626      4720      4646
    P68574     68574     34.4804    0.2791  -21.7004   12.7800    0.2790     4804.49      4928      4857      4877
    P68576     68576     33.9780    0.4617  -19.0780   14.9000    0.4616     4437.20      4589      4549      4545
    U11988     68588     35.2062    0.4260  -19.6262   15.5800    0.4259     6134.91      6512      6453      6451
    U11991     68596     34.6260    0.2822  -21.6660   12.9600    0.2820     5190.88      5586      5531      5527
    U11994     68617     34.0241    0.2903  -21.5741   12.4500    0.2901     4546.77      4541      4649      4571
    P68637     68637     34.9331    0.4372  -19.4531   15.4800    0.4371     6598.33      6587      6588      6577
    P68644     68644     32.4580    0.5439  -17.8180   14.6400    0.5438     3164.01      3402      3361      3340
    P68669     68669     33.9081    0.5275  -18.0681   15.8400    0.5274     4594.25      4766      4721      4721
     N7257     68691     34.2276    0.2767  -21.7276   12.5000    0.2765     4542.74      4775      4750      4730
    U12012     68713     34.3649    0.3349  -21.0049   13.3600    0.3347     4461.69      4411      4532      4456
    U12018     68742     34.9778    0.2576  -21.9278   13.0500    0.2574     6414.31      6830      6764      6758
    U12022     68761     34.6206    0.2940  -21.5306   13.0900    0.2938     6206.46      6666      6589      6588
    P68832     68832     34.8945    0.3163  -21.2545   13.6400    0.3161     7341.66      7361      7318      7346
     N7277     68861     32.8443    0.4228  -19.6743   13.1700    0.4227     3721.50      3892      3880      3847
    P68871     68871     33.1862    0.4422  -19.3762   13.8100    0.4421     4354.23      4304      4425      4349
    U12044     68919     34.4969    0.2674  -21.8269   12.6700    0.2672     5149.66      5241      5292      5253
    U12061     69016     33.8917    0.2582  -21.9217   11.9700    0.2580     5486.34      5676      5687      5660
     N7300     69040     34.0461    0.2496  -22.0061   12.0400    0.2494     4562.84      4777      4735      4728
    U12063     69047     35.0627    0.2878  -21.6027   13.4600    0.2876     6380.21      6901      6833      6821
    P69084     69084     34.4816    0.4347  -19.4916   14.9900    0.4346     5196.71      5390      5353      5346
    U12073     69101     34.5341    0.2779  -21.7141   12.8200    0.2777     4358.55      4280      4419      4329
     N7306     69132     33.4732    0.3299  -21.0732   12.4000    0.3298     3234.33      3465      3447      3410
    U12077     69135     35.3202    0.3997  -20.0302   15.2900    0.3996     5135.64      5227      5278      5239
     N7311     69172     33.7512    0.2185  -22.2812   11.4700    0.2183     4169.78      4365      4394      4334
    P69193     69193     34.4673    0.3785  -20.3573   14.1100    0.3784     5277.29      5461      5405      5416
    P69230     69230     34.6063    0.3617  -20.6163   13.9900    0.3615     6975.11      7077      7070      7048
    P69313     69313     35.0908    0.2270  -22.2108   12.8800    0.2268     9567.66      9742      9705      9688
    U12125     69361     34.1049    0.3349  -21.0049   13.1000    0.3347     4935.80      5017      5062      5036
    U12135     69383     33.5245    0.3903  -20.1745   13.3500    0.3902     3909.06      4259      4253      4227
    U12132     69402     35.1015    0.3218  -21.1815   13.9200    0.3217     5794.97      6004      6027      5989
    U12133     69428     35.1774    0.2693  -21.8074   13.3700    0.2691     7051.96      7186      7160      7169
    U12145     69469     34.5402    0.4817  -18.7702   15.7700    0.4816     6164.45      6433      6425      6397
     N7349     69488     33.1360    0.4748  -18.8760   14.2600    0.4747     4164.17      4359      4343      4313
    U12165     69561     34.3111    0.3685  -20.5111   13.8000    0.3684     6187.99      6456      6449      6420
    P69568     69568     34.9307    0.3841  -20.2707   14.6600    0.3840     6895.63      7376      7373      7319
    P69579     69579     34.2225    0.3156  -21.2625   12.9600    0.3155     5031.85      5223      5098      5155
    U12173     69605     34.0311    0.2754  -21.7411   12.2900    0.2753     4455.52      4377      4516      4426
    P69709     69709     33.8242    0.4554  -19.1742   14.6500    0.4553     6108.34      6242      6299      6242
    U12185     69718     35.1006    0.2613  -21.8906   13.2100    0.2611     6291.64      6525      6520      6495
     N7379     69724     34.1243    0.2508  -21.9943   12.1300    0.2506     5005.92      5062      5112      5089
    P69732     69732     33.7588    0.3810  -20.3188   13.4400    0.3809     5133.34      5190      5240      5216
    U12190     69739     35.1670    0.2088  -22.3570   12.8100    0.2086     6910.99      7299      7235      7232
    P69769     69769     34.7906    0.4824  -18.7606   16.0300    0.4822     3640.31      3839      3826      3791
    U12199     69783     34.1398    0.2872  -21.6098   12.5300    0.2870     6413.43      6882      6869      6817
    U12201     69786     34.3803    0.3063  -21.3803   13.0000    0.3062     4742.55      4693      4811      4734
    U12204     69797     35.0668    0.3237  -21.1568   13.9100    0.3236     6410.23      6879      6866      6814
    P69851     69851     35.0869    0.3274  -21.1069   13.9800    0.3273     7395.07      7616      7538      7582
    P69852     69852     34.7227    0.4529  -19.2127   15.5100    0.4528     5686.74      5797      5779      5767
    U12218     69866     34.5299    0.3554  -20.7099   13.8200    0.3553     6099.03      6232      6289      6232
     N7393     69874     32.7527    0.3579  -20.6727   12.0800    0.3578     3392.06      3617      3611      3577
    P69881     69881     35.2896    0.2472  -22.0296   13.2600    0.2470     8092.18      7947      7915      7961
    U12229     69916     34.4576    0.3536  -20.7376   13.7200    0.3534     6382.68      6644      6621      6603
     N7407     69922     34.7868    0.2410  -22.0868   12.7000    0.2408     6100.18      6233      6291      6233
    U12237     69965     35.2231    0.2601  -21.9031   13.3200    0.2599     8164.21      8399      8417      8369
    U12246     69979     34.3534    0.4541  -19.1934   15.1600    0.4540     4443.69      4361      4486      4414
    P70000     70000     33.2627    0.5187  -18.2027   15.0600    0.5186     6308.50      6570      6547      6529
    P70012     70012     34.1644    0.4066  -19.9244   14.2400    0.4065     6659.60      7057      6969      6998
    U12250     70020     34.7540    0.2570  -21.9340   12.8200    0.2568     6878.26      6996      6979      6988
    U12252     70026     35.5811    0.3847  -20.2611   15.3200    0.3846     6793.17      7272      7167      7197
    P70035     70035     34.3278    0.3635  -20.5878   13.7400    0.3634     6860.80      7340      7235      7265
    P70061     70061     33.3921    0.4191  -19.7321   13.6600    0.4190     4733.70      4651      4776      4704
    U12260     70065     34.0863    0.4260  -19.6262   14.4600    0.4259     5214.08      5277      5329      5301
    P70079     70079     35.4478    0.2748  -21.7478   13.7000    0.2746     8828.46      9022      8972      8972
    U12287     70179     34.0334    0.1895  -22.4934   11.5400    0.1893     5018.55      5422      5406      5370
    P70215     70215     34.7175    0.4116  -19.8475   14.8700    0.4115     6985.82      7173      7141      7130
    U12304     70265     32.2362    0.4260  -19.6262   12.6100    0.4259     3097.59      3237      3278      3221
    P70337     70337     36.2134    0.3045  -21.4034   14.8100    0.3043    11979.93     12339     12138     12251
    P70399     70399     34.1465    0.3169  -21.2465   12.9000    0.3167     6758.87      6892      6917      6866
    P70416     70416     33.7268    0.3941  -20.1168   13.6100    0.3940     5506.65      5719      5726      5707
    P70474     70474     33.8555    0.5068  -18.3855   15.4700    0.5067     3784.99      4019      3994      3969
    P70509     70509     35.3538    0.3020  -21.4338   13.9200    0.3018     9414.76      9614      9562      9563
    U12375     70511     34.0118    0.4679  -18.9818   15.0300    0.4678     5174.52      5248      5274      5269
    P70594     70594     35.6079    0.2730  -21.7679   13.8400    0.2728    11753.45     11884     11586     11847
    U12421     70668     34.1203    0.3374  -20.9703   13.1500    0.3372     3928.46      4254      4241      4228
    U12411     70675     35.4274    0.2034  -22.3974   13.0300    0.2031     8370.60      8568      8651      8565
    P70702     70702     33.0502    0.3997  -20.0302   13.0200    0.3996     3116.19      3211      3270      3205
    P70716     70716     34.5021    0.4191  -19.7321   14.7700    0.4190     4907.60      4981      5007      5002
    U12430     70734     33.6081    0.4454  -19.3281   14.2800    0.4453     3353.15      3352      3486      3377
    U12451     70803     32.6657    0.5401  -17.8757   14.7900    0.5400     3266.10      3413      3432      3396
    P70808     70808     35.1755    0.2423  -22.0755   13.1000    0.2421     7305.33      7341      7332      7324
    P70812     70812     33.6014    0.4836  -18.7414   14.8600    0.4835     3939.65      4048      4084      4042
    U12452     70818     34.0426    0.3872  -20.2226   13.8200    0.3871     4588.10      4769      4739      4736
     N7562     70880     33.2029    0.4861  -18.7029   14.5000    0.4860     3139.16      3234      3293      3228
    P70927     70927     33.6719    0.4516  -19.2319   14.4400    0.4515     3218.10      3313      3372      3307
     N7604     70974     33.1388    0.4629  -19.0588   14.0800    0.4628     3378.94      3526      3545      3509
     N7593     70981     33.3398    0.3991  -20.0398   13.3000    0.3990     3754.56      3825      3865      3829
     N7591     70996     33.5981    0.2847  -21.6381   11.9600    0.2845     4578.48      4717      4725      4698
    U12494     71034     33.5137    0.4711  -18.9337   14.5800    0.4710     3831.43      3936      3965      3929
    P71044     71044     34.4437    0.2971  -21.4937   12.9500    0.2969     5805.58      5894      5891      5868
    U12501     71049     33.8121    0.4191  -19.7321   14.0800    0.4190     3450.74      3557      3588      3550
    P71051     71051     33.5231    0.3716  -20.4631   13.0600    0.3715     3807.54      3912      3941      3905
    U12497     71052     32.5226    0.5514  -17.7026   14.8200    0.5513     3405.00      3512      3542      3505
     N7608     71055     33.2576    0.3953  -20.0976   13.1600    0.3952     3157.38      3252      3312      3246
    U12506     71078     34.8743    0.2705  -21.7943   13.0800    0.2703     6862.47      7047      7025      7029
     N7610     71087     33.9316    0.3492  -20.8016   13.1300    0.3491     3183.85      3224      3307      3233
    U12518     71110     33.9985    0.3281  -21.0985   12.9000    0.3279     3530.92      3638      3668      3631
    U12528     71124     35.6789    0.3008  -21.4489   14.2300    0.3006     7712.70      8064      8117      8027
    U12535     71155     32.3527    0.5187  -18.2027   14.1500    0.5186     3842.62      3947      3976      3940
    U12538     71166     33.9222    0.3866  -20.2322   13.6900    0.3865     4564.84      4520      4603      4566
    P71171     71171     32.5698    0.4811  -18.7798   13.7900    0.4810     3623.84      3731      3761      3724
     N7631     71181     33.5597    0.3212  -21.1897   12.3700    0.3211     3394.21      3501      3531      3494
    P71197     71197     32.5334    0.5363  -17.9334   14.6000    0.5362     3225.58      3266      3348      3275
    P71206     71206     34.4746    0.3741  -20.4246   14.0500    0.3740     6880.26      7107      7089      7067
    U12558     71231     34.3916    0.3492  -20.8016   13.5900    0.3491     8659.64      8825      8920      8830
    U12559     71235     34.4843    0.5049  -18.4143   16.0700    0.5048     3961.97      3935      4067      3973
    P71238     71238     34.6156    0.2884  -21.5956   13.0200    0.2882     6694.15      6829      6827      6797
    U12561     71262     33.6043    0.5049  -18.4143   15.1900    0.5048     3367.50      3444      3476      3444
    P71318     71318     34.9177    0.3467  -20.8377   14.0800    0.3466     7035.10      7161      7126      7127
    P71447     71447     33.9332    0.4210  -19.7032   14.2300    0.4209     6560.46      6729      6719      6690
    P71529     71529     33.0006    0.4824  -18.7606   14.2400    0.4822     3151.10      3246      3305      3240
    U12626     71573     35.0179    0.2730  -21.7679   13.2500    0.2728     7670.06      7911      7924      7891
    P71590     71590     35.6462    0.3026  -21.4262   14.2200    0.3025     9242.32      9534      9476      9488
    U12631     71597     35.2339    0.2687  -21.8139   13.4200    0.2685     8826.39      8849      8977      8870
    U12634     71602     34.9176    0.3953  -20.0976   14.8200    0.3952     5143.17      5397      5316      5372
    P71616     71616     35.8043    0.2508  -21.9943   13.8100    0.2506     9338.67      9551      9511      9500
    P71627     71627     34.3074    0.3629  -20.5974   13.7100    0.3628     7012.06      6943      6956      6945
    P71631     71631     33.9344    0.3132  -21.2944   12.6400    0.3130     6031.69      6157      6175      6131
    P71677     71677     34.2843    0.2508  -21.9943   12.2900    0.2506     4817.73      4969      4951      4940
    U12678     71795     35.7724    0.2404  -22.0924   13.6800    0.2402     8605.57      8649      8757      8665
    U12697     71854     34.4362    0.5081  -18.3662   16.0700    0.5080     4879.69      4965      4964      4983
    U12701     71880     35.3663    0.3312  -21.0563   14.3100    0.3310     8504.63      8590      8675      8598
    P71886     71886     35.3058    0.3610  -20.6258   14.6800    0.3609     9150.88      9374      9326      9321
    P71915     71915     34.2607    0.3841  -20.2707   13.9900    0.3840     4610.34      4597      4682      4641
    P71955     71955     31.9620    0.5012  -18.4720   13.4900    0.5011     3181.56      3450      3391      3385
    P72004     72004     34.0448    0.4072  -19.9148   14.1300    0.4071     5903.74      6181      6142      6137
    P72012     72012     35.6065    0.2227  -22.2465   13.3600    0.2225     9254.38      9478      9429      9424
     N7726     72024     34.8179    0.2933  -21.5379   13.2800    0.2932     7257.63      7498      7491      7475
     N7729     72083     34.5410    0.2173  -22.2910   12.2500    0.2170     4931.42      5036      4999      5045
    P72092     72092     34.8392    0.3654  -20.5592   14.2800    0.3653     6507.12      6502      6521      6493
    P72117     72117     34.0936    0.2798  -21.6936   12.4000    0.2796     5901.39      6178      6140      6135
    P72169     72169     34.9745    0.3163  -21.2545   13.7200    0.3161     7056.95      7325      7303      7295
    U12746     72188     34.7408    0.2699  -21.8008   12.9400    0.2697     7087.92      7356      7334      7326
    P72227     72227     34.8374    0.2693  -21.8074   13.0300    0.2691     6997.82      7224      7171      7173
    U12755     72233     35.3506    0.2070  -22.3706   12.9800    0.2067     8443.00      8570      8633      8572
     N7747     72328     34.9750    0.2142  -22.3150   12.6600    0.2140     7348.34      7601      7609      7580
    P72342     72342     36.0643    0.2508  -21.9943   14.0700    0.2506     9635.64      9869      9807      9808
    P72372     72372     35.2646    0.2380  -22.1146   13.1500    0.2378     8875.41      8945      9038      8955
    P72392     72392     34.6407    0.3560  -20.7007   13.9400    0.3559     6997.11      7214      7168      7164
    P72411     72411     35.1998    0.2872  -21.6098   13.5900    0.2870     8683.64      8830      8874      8828
    P72438     72438     35.1689    0.2983  -21.4789   13.6900    0.2981     8942.16      9012      9104      9022
    U12810     72618     34.7398    0.2810  -21.6798   13.0600    0.2808     7741.11      7987      7992      7949
    U12814     72632     34.9078    0.3411  -20.9178   13.9900    0.3410     5518.11      6029      6011      5964
    P72687     72687     33.0448    0.4072  -19.9148   13.1300    0.4071     3399.37      3620      3565      3568
    P72734     72734     35.3688    0.3810  -20.3188   15.0500    0.3809     5746.76      6139      6145      6097
    P72751     72751     35.0013    0.3430  -20.8913   14.1100    0.3428     7603.71      7856      7879      7835
    P72784     72784     35.6605    0.3150  -21.2705   14.3900    0.3149     7617.17      7833      7866      7819
    P72835     72835     34.0766    0.4429  -19.3666   14.7100    0.4428     5167.27      5300      5289      5271
    P72860     72860     33.5740    0.4222  -19.6840   13.8900    0.4221     3609.66      3830      3775      3778
     N7787     72930     34.2324    0.3436  -20.8824   13.3500    0.3435     6301.73      6623      6571      6565
    P72968     72968     35.6668    0.3529  -20.7468   14.9200    0.3528     7556.52      7825      7819      7796
    P73079     73079     35.0464    0.3935  -20.1264   14.9200    0.3933     8158.22      8360      8404      8349
    P73150     73150     33.4229    0.2816  -21.6729   11.7500    0.2814     4741.24      4827      4833      4845
    P73288     73288     33.3523    0.5181  -18.2123   15.1400    0.5180     5813.96      6114      6081      6077
    P73570     73570     34.0728    0.5024  -18.4528   15.6200    0.5023     5659.32      5776      5693      5731
    P73583     73583     34.0450    0.5225  -18.1450   15.9000    0.5224     4004.09      3581      3795      3678
    P73692     73692     34.6284    0.3804  -20.3284   14.3000    0.3802     5789.85      6154      6024      6064
    P74076     74076     33.9542    0.5213  -18.1642   15.7900    0.5212     4081.90      3497      3712      3651
    P74235     74235     33.7642    0.5213  -18.1642   15.6000    0.5212     7057.01      7097      6940      7107
    P74256     74256     34.3092    0.4473  -19.2992   15.0100    0.4471     5994.87      5789      5819      5841
    P74257     74257     35.6340    0.2859  -21.6240   14.0100    0.2858     7374.50      7534      7462      7512
    P74270     74270     34.4354    0.4410  -19.3954   15.0400    0.4409     8138.98      8486      8422      8419
    P74278     74278     35.2940    0.4060  -19.9340   15.3600    0.4058     6421.44      6199      6233      6260
    P75270     75270     34.6276    0.3953  -20.0976   14.5300    0.3952     8543.56      8683      8824      8658
    P75281     75281     35.0377    0.4448  -19.3377   15.7000    0.4446     8144.07      8029      8099      8066
    P75289     75289     35.6303    0.3374  -20.9703   14.6600    0.3372     8199.94      8084      8155      8121
    P75291     75291     34.5109    0.4172  -19.7609   14.7500    0.4171     9328.48      9643      9679      9589
    P75300     75300     35.6283    0.3641  -20.5783   15.0500    0.3640     8789.30      9068      9154      9011
    P75309     75309     35.5092    0.3654  -20.5592   14.9500    0.3653    10061.96     10322     10337     10280
    P75315     75315     34.7881    0.4454  -19.3281   15.4600    0.4453     7743.48      7636      7645      7665
    P75328     75328     35.3976    0.3536  -20.7376   14.6600    0.3534     9055.57      9365      9438      9307
    P75330     75330     35.0136    0.4216  -19.6936   15.3200    0.4215    10102.20     10362     10377     10320
    P75336     75336     35.0553    0.4573  -19.1453   15.9100    0.4572     8787.01      9066      9151      9009
    P75339     75339     35.4443    0.3511  -20.7743   14.6700    0.3509     8933.22      9212      9298      9155
    P75345     75345     35.3782    0.4128  -19.8282   15.5500    0.4127     5944.33      6076      6038      6059
    P76259     76259     35.2497    0.3480  -20.8197   14.4300    0.3478    12152.33     12029     12059     12037
    P76261     76261     34.8754    0.3399  -20.9354   13.9400    0.3397     6439.58      6379      6362      6381
    P76301     76301     36.4321    0.2835  -21.6521   14.7800    0.2833    12140.23     12156     12153     12136
    P77295     77295     34.2059    0.2952  -21.5159   12.6900    0.2950     4600.21      4674      4556      4645
    P78430     78430     35.2577    0.3467  -20.8377   14.4200    0.3466     8253.23      8268      8220      8259
    P79913     79913     34.6940    0.2859  -21.6240   13.0700    0.2858     6824.68      6891      6804      6864
    P80764     80764     35.5205    0.3150  -21.2705   14.2500    0.3149     7844.58      7689      7672      7702
    P82832     82832     35.0606    0.4003  -20.0206   15.0400    0.4002    12214.49     12138     12116     12141
    P82885     82885     35.6677    0.3361  -20.9877   14.6800    0.3360    11177.61     11097     11010     11101
    P83427     83427     35.9464    0.4755  -18.8664   17.0800    0.4753     9665.76      9708      9570      9697
    P83436     83436     36.0476    0.3953  -20.0976   15.9500    0.3952    11696.30     12042     11774     11989
    P83474     83474     33.8192    0.3324  -21.0392   12.7800    0.3323     3128.90      3047      2975      3017
    P83575     83575     34.0354    0.5231  -18.1354   15.9000    0.5230     4927.31      4743      4668      4788
    P83580     83580     36.0485    0.4460  -19.3185   16.7300    0.4459     7757.95      8415      8183      8298
    P85512     85512     35.6113    0.4178  -19.7513   15.8600    0.4177     7680.02      7906      7922      7888
    P85519     85519     36.0652    0.3604  -20.6352   15.4300    0.3603     9513.09      9959      9864      9883
    P85551     85551     35.4346    0.3448  -20.8646   14.5700    0.3447     8387.36      8472      8558      8480
    P85605     85605     35.3072    0.4767  -18.8472   16.4600    0.4766     7803.06      8029      8045      8011
    P85943     85943     35.7459    0.3107  -21.3259   14.4200    0.3105    10563.93     10483     10519     10490
    P85958     85958     35.8897    0.2915  -21.5597   14.3300    0.2913     9953.78     10019     10087     10004
    P86045     86045     35.0939    0.2995  -21.4639   13.6300    0.2994     7536.13      7264      7271      7301
    P86063     86063     34.3651    0.2841  -21.6451   12.7200    0.2839     7922.62      7587      7565      7634
    P86069     86069     33.3774    0.2693  -21.8074   11.5700    0.2691     3301.53      3576      3385      3505
    P86086     86086     34.0211    0.2754  -21.7411   12.2800    0.2753     4630.68      4683      4576      4659
    P86087     86087     34.6845    0.3163  -21.2545   13.4300    0.3161     7044.03      6857      6850      6874
    P86266     86266     33.4743    0.4228  -19.6743   13.8000    0.4227     4557.62      4321      4273      4400
    P86277     86277     35.0908    0.2270  -22.2108   12.8800    0.2268     8198.75      8511      8470      8463
    P86282     86282     32.5115    0.4510  -19.2415   13.2700    0.4509     4094.64      4049      3985      4073
    P86285     86285     32.6432    0.2106  -22.3432   10.3000    0.2104     3007.36      3169      3071      3137
    P86287     86287     33.3246    0.3448  -20.8646   12.4600    0.3447     3056.35      3164      3082      3150
    P86292     86292     34.3474    0.2034  -22.3974   11.9500    0.2031     4489.40      4651      4673      4620
    P86801     86801     34.3630    0.5357  -17.9430   16.4200    0.5356     4947.92      5230      4741      5183
    P89014     89014     34.1922    0.3187  -21.2222   12.9700    0.3186     6360.25      6370      6154      6338
    P89526     89526     34.7887    0.4792  -18.8087   15.9800    0.4791     5629.82      5684      5677      5694
    P89826     89826     35.0454    0.3399  -20.9354   14.1100    0.3397    11557.40     11016     11066     11113
    P89942     89942     32.4407    0.3486  -20.8107   11.6300    0.3484     3051.75      3002      3043      3048
    P90026     90026     34.4903    0.3374  -20.9703   13.5200    0.3372     6555.82      6542      6540      6543
    P90039     90039     34.3773    0.3785  -20.3573   14.0200    0.3784     5665.66      5724      5803      5751
    P90188     90188     32.9814    0.2989  -21.4714   11.5100    0.2987     4130.56      3615      3813      3689
    P90374     90374     33.8465    0.3772  -20.3765   13.4700    0.3771     4484.27      4788      4781      4739
    P90392     90392     32.4852    0.4078  -19.9052   12.5800    0.4077     3798.31      3919      4015      3926
    P90415     90415     34.3560    0.3200  -21.2060   13.1500    0.3198     6794.05      7304      7227      7222
    P90474     90474     35.1514    0.5495  -17.7314   17.4200    0.5494     5061.86      5228      5176      5217
    P90485     90485     36.6619    0.3698  -20.4919   16.1700    0.3696    11256.68     11121     11099     11177
    P90501     90501     35.8772    0.3947  -20.1072   15.7700    0.3946    10904.69     10727     10738     10780
    P90564     90564     34.7986    0.4955  -18.5586   16.2400    0.4954     5512.02      6162      6117      6064
    P90575     90575     34.3129    0.5520  -17.6929   16.6200    0.5519    10611.78     11021     10904     10961
    P90591     90591     36.2103    0.3374  -20.9703   15.2400    0.3372    11469.07     12117     11939     12022
    P90592     90592     35.0757    0.4579  -19.1357   15.9400    0.4578     7424.82      7743      7730      7714
    P90598     90598     34.8287    0.4792  -18.8087   16.0200    0.4791     4748.92      4885      4769      4848
    P90604     90604     35.9332    0.4210  -19.7032   16.2300    0.4209     9777.95     10118     10042     10067
    P90609     90609     33.9210    0.5489  -17.7410   16.1800    0.5488     3901.57      3734      3748      3799
    P90626     90626     32.9733    0.5527  -17.6833   15.2900    0.5526     4201.21      4177      4136      4182
    P90628     90628     35.6470    0.4272  -19.6070   16.0400    0.4271     7675.88      7815      7771      7800
    P90632     90632     34.5862    0.5081  -18.3662   16.2200    0.5080     6319.84      6890      6911      6813
    P90637     90637     35.1314    0.4673  -18.9914   16.1400    0.4672     7262.79      7285      7267      7302
    P90638     90638     36.1880    0.3057  -21.3880   14.8000    0.3056     9742.84     10212     10112     10082
    P90640     90640     35.5180    0.4617  -19.0780   16.4400    0.4616     7894.49      8150      8141      8102
    P90653     90653     34.5924    0.4360  -19.4724   15.1200    0.4359     6585.44      6911      6871      6873
    P90668     90668     34.5479    0.4780  -18.8279   15.7200    0.4779     6750.88      6752      6737      6748
    P90672     90672     34.5725    0.4035  -19.9725   14.6000    0.4033     5990.49      5915      5939      5949
    P90673     90673     35.6523    0.3704  -20.4823   15.1700    0.3702    10338.52     10819     10772     10723
    P90677     90677     36.4567    0.4924  -18.6067   17.8500    0.4923     9935.04     10213     10192     10171
    P90680     90680     36.2639    0.2118  -22.3339   13.9300    0.2116    11206.24     11789     11749     11662
    P90682     90682     35.7793    0.3088  -21.3493   14.4300    0.3087     8464.97      8575      8535      8571
    P90683     90683     34.5733    0.4704  -18.9433   15.6300    0.4703     3871.55      3803      3784      3821
    P90684     90684     35.9643    0.2705  -21.7943   14.1700    0.2703    10302.26     10637     10693     10574
    P90685     90685     34.9658    0.4416  -19.3858   15.5800    0.4415     6056.28      6071      6080      6090
    P90686     90686     33.6688    0.5288  -18.0488   15.6200    0.5287     4081.27      4094      4012      4098
    P90687     90687     35.7273    0.2785  -21.7073   14.0200    0.2783     9731.45      9876      9986      9863
    P90689     90689     34.9340    0.4880  -18.6740   16.2600    0.4879     5586.28      5527      5538      5552
    P90697     90697     33.4679    0.4780  -18.8279   14.6400    0.4779     3982.03      3922      3858      3946
    P90699     90699     34.0858    0.4416  -19.3858   14.7000    0.4415     5680.15      5787      5821      5791
    P90701     90701     34.8201    0.4980  -18.5201   16.3000    0.4979     4732.94      4467      4396      4561
    P90703     90703     34.3708    0.4498  -19.2607   15.1100    0.4497     5451.86      5475      5415      5500
    P90711     90711     34.7211    0.4667  -19.0011   15.7200    0.4666     4872.89      5115      4982      5076
    P90717     90717     35.8700    0.3666  -20.5400   15.3300    0.3665    10009.62     10410     10450     10327
    P90722     90722     35.9956    0.3455  -20.8556   15.1400    0.3453     9461.91      9818      9749      9744
    P90725     90725     35.5141    0.3194  -21.2141   14.3000    0.3192     9039.38      9182      9103      9150
    P90737     90737     35.0892    0.4473  -19.2992   15.7900    0.4471     4363.62      4404      4344      4400
    P90748     90748     35.1436    0.2798  -21.6936   13.4500    0.2796     7753.94      8050      7995      8018
    P90751     90751     35.1662    0.5081  -18.3662   16.8000    0.5080     4296.32      4479      4392      4481
    P90760     90760     35.2860    0.3200  -21.2060   14.0800    0.3198     8024.97      8309      8251      8289
    P90761     90761     34.6916    0.3492  -20.8016   13.8900    0.3491     6292.64      6673      6586      6611
    P90766     90766     35.3594    0.4805  -18.7894   16.5700    0.4804     5332.89      5671      5636      5637
    P90769     90769     34.6543    0.5049  -18.4143   16.2400    0.5048     5968.65      6073      6162      6075
    P90771     90771     34.0418    0.5501  -17.7218   16.3200    0.5501     6750.40      6888      6830      6878
    P90775     90775     35.5862    0.4422  -19.3762   16.2100    0.4421     7452.05      7675      7677      7646
    P90778     90778     35.6321    0.2835  -21.6521   13.9800    0.2833     9807.31     10098     10060     10055
    P90872     90872     34.8901    0.3424  -20.9001   13.9900    0.3422     5928.77      6072      5966      6031
    P90927     90927     34.9372    0.4604  -19.0972   15.8400    0.4603     4963.65      5097      4990      5052
    P90959     90959     34.6945    0.3903  -20.1745   14.5200    0.3902     6501.20      6625      6507      6573
    P91002     91002     35.2597    0.4974  -18.5297   16.7300    0.4973     4679.38      4685      4575      4682
    P91014     91014     34.5018    0.3860  -20.2418   14.2600    0.3858     4623.91      4917      4691      4824
    P91017     91017     34.5850    0.5225  -18.1450   16.4400    0.5224     5838.27      5828      5742      5818
    P91048     91048     34.7326    0.3872  -20.2226   14.5100    0.3871     5368.65      5366      5257      5350
    P91059     91059     34.4657    0.3760  -20.3957   14.0700    0.3759     4760.05      4887      4762      4837
    P91139     91139     34.5394    0.4968  -18.5394   16.0000    0.4967     3923.14      4253      4212      4223
    P91151     91151     34.0698    0.4153  -19.7898   14.2800    0.4152     4273.74      4210      4163      4200
    P91176     91176     34.7009    0.4993  -18.5009   16.2000    0.4992     4167.47      4104      4056      4094
    P91251     91251     35.4104    0.4329  -19.5204   15.8900    0.4327     7384.22      7453      7767      7429
    P91252     91252     34.6550    0.4404  -19.4050   15.2500    0.4403     7653.63      8140      8063      8189
    P91295     91295     34.0657    0.5401  -17.8757   16.1900    0.5400     4470.83      4312      4270      4328
    P91350     91350     35.2384    0.3804  -20.3284   14.9100    0.3802     7316.45      7171      7156      7190
    P91353     91353     34.9514    0.3854  -20.2514   14.7000    0.3852     7232.22      6924      6963      6982
    P91358     91358     34.4313    0.3430  -20.8913   13.5400    0.3428     4937.67      4838      4743      4838
    P91381     91381     33.7851    0.5062  -18.3951   15.3900    0.5061     4357.87      4270      4205      4267
    P91420     91420     36.0789    0.4304  -19.5589   16.5200    0.4302     9104.13      9066      9048      9103
    P91442     91442     34.5263    0.3312  -21.0563   13.4700    0.3310     7239.17      7044      7091      7064
    P91473     91473     36.2507    0.3841  -20.2707   15.9800    0.3840     9186.71      9076      9009      9090
    P91513     91513     36.1678    0.3206  -21.1978   14.9700    0.3205    10451.51      9885      9899     10016
    P91580     91580     36.1180    0.2398  -22.0980   14.0200    0.2396    10624.56     10795     10842     10760
    P91582     91582     35.3029    0.4041  -19.9629   15.3400    0.4040     8302.21      8192      8107      8256
    P91586     91586     34.6919    0.4516  -19.2319   15.4600    0.4515     6308.07      6017      6147      6075
    P91594     91594     35.5727    0.4529  -19.2127   16.3600    0.4528     9020.22      9032      9057      9035
    P91621     91621     34.9007    0.3560  -20.7007   14.2000    0.3559     6445.66      6698      6677      6652
    P91630     91630     34.1181    0.5275  -18.0681   16.0500    0.5274     5173.89      5433      5409      5392
    P91643     91643     34.9992    0.4473  -19.2992   15.7000    0.4471     4734.23      4942      4954      4926
    P91648     91648     35.1436    0.5037  -18.4336   16.7100    0.5036     4313.44      4509      4549      4496
    P91656     91656     32.8802    0.4817  -18.7702   14.1100    0.4816     3587.98      3888      3895      3860
    P91661     91661     35.4430    0.3879  -20.2130   15.2300    0.3877     5441.33      5684      5708      5672
    P91666     91666     34.2321    0.4849  -18.7221   15.5100    0.4848     3336.99      3628      3647      3602
    P91747     91747     35.0627    0.4529  -19.2127   15.8500    0.4528     6248.19      6516      6509      6481
    P91777     91777     33.7068    0.4761  -18.8568   14.8500    0.4760     4755.13      4776      4840      4807
    P91812     91812     35.5283    0.3641  -20.5783   14.9500    0.3640     9073.22      9280      9336      9276
    P91814     91814     34.3812    0.4341  -19.5012   14.8800    0.4340     6815.90      7084      7062      7054
    P91822     91822     35.7647    0.3305  -21.0647   14.7000    0.3304     8895.90      9187      9156      9137
    P91839     91839     35.2705    0.3150  -21.2705   14.0000    0.3149     6753.74      7089      7021      7029
    P91878     91878     34.8738    0.5370  -17.9238   16.9500    0.5369     6047.00      6058      6055      6040
    P92378     92378     35.0442    0.5213  -18.1642   16.8800    0.5212     6210.73      6348      6064      6299
    P92391     92391     35.1019    0.5338  -17.9719   17.1300    0.5337     4966.54      5020      4969      4961
    P92481     92481     34.9434    0.3045  -21.4034   13.5400    0.3043     7348.31      7488      7270      7430
    P92865     92865     35.2331    0.5194  -18.1931   17.0400    0.5193     8251.75      8467      8472      8427
    P92870     92870     34.5479    0.2933  -21.5379   13.0100    0.2932     5096.68      5615      5512      5549
    P92874     92874     34.6522    0.4686  -18.9722   15.6800    0.4685     5396.33      5497      5446      5488
    P93047     93047     33.8482    0.4291  -19.5782   14.2700    0.4290     7101.78      7382      7359      7321
    P93854     93854     33.6137    0.5533  -17.6737   15.9400    0.5532     6964.86      7263      7226      7195
    P96513     96513     34.0787    0.3473  -20.8287   13.2500    0.3472     5814.15      6000      5818      5914
    P96538     96538     34.5505    0.3150  -21.2705   13.2800    0.3149     5910.69      6021      5936      5961
    P96553     96553     32.3318    0.4679  -18.9818   13.3500    0.4678     3249.21      2610      2741      2712
    P97017     97017     34.9211    0.2964  -21.5011   13.4200    0.2963     7822.53      8150      8067      8120
    P97023     97023     33.6611    0.3685  -20.5111   13.1500    0.3684     5470.64      5486      5400      5546
    P97032     97032     33.4853    0.3754  -20.4053   13.0800    0.3752     4367.42      3894      3956      4024
    P97039     97039     34.4019    0.3256  -21.1319   13.2700    0.3254     5938.33      6080      6218      6084
    P97062     97062     33.1739    0.4385  -19.4339   13.7400    0.4384     5021.54      5039      5003      5062
    P97067     97067     33.6731    0.3716  -20.4631   13.2100    0.3715     4333.65      4126      4122      4209
    P97078     97078     33.9101    0.3424  -20.9001   13.0100    0.3422     6233.89      6612      6559      6555
    P97081     97081     33.1694    0.4147  -19.7994   13.3700    0.4146     5571.19      5694      5707      5688
    P97101     97101     34.4143    0.2705  -21.7943   12.6200    0.2703     6157.27      6414      6397      6390
    P97104     97104     34.2480    0.3797  -20.3380   13.9100    0.3796     5865.04      6046      6065      6045
    P97116     97116     34.4778    0.3411  -20.9178   13.5600    0.3410     8931.87      9224      9235      9180
    P97136     97136     33.5560    0.3928  -20.1360   13.4200    0.3927     3558.66      3586      3508      3593
    P97157     97157     34.7224    0.2921  -21.5524   13.1700    0.2919     7231.65      7300      7255      7281
    P97166     97166     34.5584    0.3542  -20.7284   13.8300    0.3540     6345.77      6204      6229      6226
    P97507     97507     34.8878    0.3635  -20.5878   14.3000    0.3634    10721.83     11395     11266     11273
   P100135    100135     34.4354    0.4410  -19.3954   15.0400    0.4409     4779.31      5212      4677      5126
   P100760    100760     34.3709    0.4172  -19.7609   14.6100    0.4171     5041.65      4878      4719      4967
   P100768    100768     33.6095    0.3822  -20.2995   13.3100    0.3821     4300.27      4231      4206      4267
   P131863    131863     34.6053    0.3916  -20.1553   14.4500    0.3915     8679.24      8735      8690      8707
   P131894    131894     34.2605    0.4987  -18.5105   15.7500    0.4986     5732.81      5850      5767      5805
   P131983    131983     33.1410    0.5489  -17.7410   15.4000    0.5488     5171.34      5144      5130      5126
   P132259    132259     35.2597    0.3212  -21.1897   14.0700    0.3211     8770.54      8633      8606      8641
   P132326    132326     35.0496    0.3660  -20.5496   14.5000    0.3659     8102.73      8128      8045      8103
   P132924    132924     34.1456    0.4742  -18.8856   15.2600    0.4741     5292.70      5494      5392      5434
   P133022    133022     33.1629    0.4861  -18.7029   14.4600    0.4860     3967.81      4060      3979      4024
   P133270    133270     35.6490    0.3368  -20.9790   14.6700    0.3366     9940.15      9910      9804      9899
   P133293    133293     34.5964    0.3935  -20.1264   14.4700    0.3933     5755.78      5884      5788      5841
   P133360    133360     35.1501    0.4322  -19.5301   15.6200    0.4321     7243.67      7180      7169      7180
   P133519    133519     34.3451    0.4241  -19.6551   14.6900    0.4240     6495.92      6487      6492      6478
   P134276    134276     34.8274    0.3629  -20.5974   14.2300    0.3628     8369.88      8305      8249      8304
   P134402    134402     35.3607    0.3486  -20.8107   14.5500    0.3484    10242.65     10426     10382     10377
   P134516    134516     35.2607    0.3486  -20.8107   14.4500    0.3484     8520.85      8713      8581      8655
   P134842    134842     35.7181    0.2847  -21.6381   14.0800    0.2845     9793.46      9910      9829      9879
   P135115    135115     33.9615    0.4510  -19.2415   14.7200    0.4509     4180.93      4352      4224      4301
   P135254    135254     35.4384    0.3175  -21.2384   14.2000    0.3173     8957.38      8956      8945      8949
   P138032    138032     35.2897    0.2915  -21.5597   13.7300    0.2913     7846.29      8247      8290      8205
   P138277    138277     33.8162    0.4260  -19.6262   14.1900    0.4259     4519.80      4371      4319      4454
   P138562    138562     34.6684    0.4623  -19.0684   15.6000    0.4622     6554.25      6394      6376      6454
   P139334    139334     35.8634    0.3723  -20.4534   15.4100    0.3721    13985.32     14090     13998     14063
   P140994    140994     33.7498    0.4153  -19.7898   13.9600    0.4152     5037.25      5188      5248      5185
   P142502    142502     35.3166    0.3405  -20.9266   14.3900    0.3403    10024.83      9500      9537      9587
   P142788    142788     34.1824    0.5018  -18.4624   15.7200    0.5017     4634.91      4251      4252      4391
   P142791    142791     36.4589    0.2983  -21.4789   14.9800    0.2981    10767.83     11145     11016     11071
   P142792    142792     33.7361    0.4585  -19.1261   14.6100    0.4584     6842.85      6880      6752      6888
   P142795    142795     35.0965    0.4429  -19.3666   15.7300    0.4428     7335.75      7491      7396      7472
   P142797    142797     34.9469    0.4435  -19.3569   15.5900    0.4434     9512.59      9799      9796      9719
   P142799    142799     34.6563    0.3312  -21.0563   13.6000    0.3310     7696.71      7909      7848      7875
   P142801    142801     34.2978    0.4285  -19.5878   14.7100    0.4284     7369.29      7529      7457      7507
   P142808    142808     35.9830    0.4698  -18.9530   17.0300    0.4697     7852.70      8060      8038      8026
   P142810    142810     35.4314    0.4016  -20.0014   15.4300    0.4015     9180.08      9490      9562      9431
   P142811    142811     35.8403    0.3835  -20.2803   15.5600    0.3834     8760.49      9039      9125      8982
   P142815    142815     35.3122    0.3866  -20.2322   15.0800    0.3865     8625.74      8641      8765      8642
   P142816    142816     35.5009    0.2773  -21.7209   13.7800    0.2771     8573.86      8734      8830      8702
   P142818    142818     35.6371    0.3082  -21.3571   14.2800    0.3080     8958.22      9237      9323      9180
   P142819    142819     35.0385    0.4460  -19.3185   15.7200    0.4459     8704.91      8934      9012      8887
   P142820    142820     34.1839    0.5043  -18.4239   15.7600    0.5042     5334.26      5573      5426      5529
   P142824    142824     34.5651    0.5062  -18.3951   16.1700    0.5061     6962.88      7261      7224      7193
   P142825    142825     34.6325    0.4855  -18.7125   15.9200    0.4854     6968.85      7267      7229      7199
   P142831    142831     35.7054    0.3399  -20.9354   14.7700    0.3397    10971.91     10870     10833     11059
   P142832    142832     35.8308    0.3679  -20.5208   15.3100    0.3678    10276.94      9655      9692      9772
   P142833    142833     35.7614    0.3014  -21.4414   14.3200    0.3012    11535.71     12126     12180     12019
   P142834    142834     35.4311    0.4504  -19.2511   16.1800    0.4503    11583.58     12037     12182     11958
   P142838    142838     36.3351    0.5062  -18.3951   17.9400    0.5061     9085.07      8471      8574      8606
   P142839    142839     35.8981    0.4454  -19.3281   16.5700    0.4453    10235.06      9592      9645      9717
   P142841    142841     36.4298    0.2662  -21.8398   14.5900    0.2660    13024.00     13321     13299     13257
   P142844    142844     37.0056    0.4085  -19.8956   17.1100    0.4083    12957.90     13249     13268     13195
   P142846    142846     35.5954    0.5231  -18.1354   17.4600    0.5230     9385.59      8823      8850      8948
   P143014    143014     34.9585    0.2112  -22.3385   12.6200    0.2110     6121.68      6461      6524      6402
   P143041    143041     35.0176    0.2767  -21.7276   13.2900    0.2765     8386.07      8701      8676      8651
   P143061    143061     35.1866    0.3405  -20.9266   14.2600    0.3403     6978.55      7261      7258      7225
   P143682    143682     34.6571    0.4110  -19.8571   14.8000    0.4108     5328.53      5769      5554      5656
   P146460    146460     34.7765    0.3169  -21.2465   13.5300    0.3167     4644.13      4847      4723      4793
   P147057    147057     33.9852    0.4736  -18.8952   15.0900    0.4735     8699.89      8813      8845      8789
   P147258    147258     35.1684    0.2890  -21.5884   13.5800    0.2888     7213.40      7122      7134      7144
   P147332    147332     35.8634    0.3504  -20.7834   15.0800    0.3503     8159.70      8098      8161      8119
   P147737    147737     34.8178    0.2748  -21.7478   13.0700    0.2746     6366.29      6369      6363      6369
   P147965    147965     34.8436    0.3262  -21.1236   13.7200    0.3260     6411.26      6414      6408      6414
   P148061    148061     34.8798    0.2429  -22.0698   12.8100    0.2427     6486.60      6473      6471      6474
   P148184    148184     35.0178    0.2748  -21.7478   13.2700    0.2746     7842.56      7678      7712      7704
   P153570    153570     36.0456    0.2276  -22.2056   13.8400    0.2274    11585.20     11595     11475     11573
   P155002    155002     35.4816    0.3492  -20.8016   14.6800    0.3491    11964.39     11844     11864     11861
   P155138    155138     34.0015    0.4510  -19.2415   14.7600    0.4509     6925.08      6979      6782      6949
   P155511    155511     34.5422    0.4686  -18.9722   15.5700    0.4685     4227.93      4515      4375      4374
   P156695    156695     36.4465    0.2227  -22.2465   14.2000    0.2225    11362.55     11379     11237     11361
   P156999    156999     35.0274    0.4279  -19.5974   15.4300    0.4277     8799.52      8988      8768      8931
   P157639    157639     34.2223    0.4523  -19.2223   15.0000    0.4522     5720.22      5691      5594      5679
   P157753    157753     34.2584    0.3804  -20.3284   13.9300    0.3802     5916.74      5856      5836      5855
   P165356    165356     32.5649    0.3910  -20.1649   12.4000    0.3908     3051.25      3001      3043      3048
   P165827    165827     34.6014    0.3567  -20.6914   13.9100    0.3565     7339.42      7418      7428      7444
   P165921    165921     33.7213    0.3430  -20.8913   12.8300    0.3428     3286.73      3591      3575      3570
   P166431    166431     33.5658    0.3610  -20.6258   12.9400    0.3609     4053.79      4155      4122      4181
   P166472    166472     33.3404    0.4329  -19.5204   13.8200    0.4327     4212.61      4385      4359      4387
   P166473    166473     34.3635    0.3343  -21.0135   13.3500    0.3341     4922.68      4699      4434      4818
   P166553    166553     34.7427    0.2878  -21.6027   13.1400    0.2876     4801.17      4904      4941      4887
   P166559    166559     34.1387    0.3972  -20.0687   14.0700    0.3971     4273.59      4388      4415      4374
   P166617    166617     35.3498    0.2429  -22.0698   13.2800    0.2427     8455.57      8721      8674      8690
   P166660    166660     34.7335    0.3343  -21.0135   13.7200    0.3341     7623.36      7899      7809      7873
   P166705    166705     34.4411    0.3685  -20.5111   13.9300    0.3684     7022.33      7281      7357      7268
   P166717    166717     35.1663    0.3312  -21.0563   14.1100    0.3310     9408.69      9576      9627      9576
   P166769    166769     33.4864    0.3138  -21.2864   12.2000    0.3136     3292.06      3626      3619      3598
   P166785    166785     34.5200    0.3666  -20.5400   13.9800    0.3665     4477.70      4851      4837      4812
   P168835    168835     33.8663    0.3312  -21.0563   12.8100    0.3310     3863.73      3676      3654      3747
   P169661    169661     35.1255    0.5068  -18.3855   16.7400    0.5067     8427.86      8513      8598      8521
   P169662    169662     35.9950    0.3231  -21.1650   14.8300    0.3229     7955.80      8172      8205      8158
   P169896    169896     34.7111    0.3685  -20.5111   14.2000    0.3684     5496.53      5141      5094      5205
   P169989    169989     34.5656    0.3455  -20.8556   13.7100    0.3453     7108.99      7399      7383      7345
   P170023    170023     35.2219    0.3256  -21.1319   14.0900    0.3254    11725.40     11766     11705     11754
   P170060    170060     34.7347    0.3305  -21.0647   13.6700    0.3304     6580.80      6544      6525      6552
   P170067    170067     34.1057    0.4579  -19.1357   14.9700    0.4578     4295.83      4361      4239      4337
   P170102    170102     34.1659    0.4091  -19.8859   14.2800    0.4090     5728.79      5845      5629      5802
   P170118    170118     34.4726    0.3872  -20.2226   14.2500    0.3871     8330.32      8568      8348      8492
   P170133    170133     34.5817    0.4185  -19.7417   14.8400    0.4184     7275.13      7303      7204      7280
   P170155    170155     35.2211    0.2964  -21.5011   13.7200    0.2963     7902.75      8101      7919      8046
   P170332    170332     35.2103    0.3181  -21.2303   13.9800    0.3180    10331.76     10231     10116     10234
   P170345    170345     34.0720    0.4354  -19.4820   14.5900    0.4352     8056.66      8057      7871      8033
   P170380    170380     35.4060    0.3200  -21.2060   14.2000    0.3198     9641.91      9772      9772      9741
   P170423    170423     35.0025    0.3498  -20.7925   14.2100    0.3497     7638.90      7937      7882      7874
   P184993    184993     34.6860    0.3928  -20.1360   14.5500    0.3927     6327.48      6279      6137      6261
   P185134    185134     35.0069    0.2909  -21.5669   13.4400    0.2907     8156.61      8021      7988      8041
   P200158    200158     34.6244    0.4066  -19.9244   14.7000    0.4065     7363.19      7616      7624      7594
   P201203    201203     34.9498    0.2872  -21.6098   13.3400    0.2870     7627.63      7844      7805      7794
   P213027    213027     34.1351    0.4241  -19.6551   14.4800    0.4240     4672.50      4389      4216      4551
   P213063    213063     36.5424    0.2521  -21.9824   14.5600    0.2519    14644.37     14904     15038     14875
   P214873    214873     35.2654    0.3399  -20.9354   14.3300    0.3397     6811.28      7320      7217      7239
   P467487    467487     34.8020    0.2490  -22.0120   12.7900    0.2488     6389.91      6275      6187      6266
   P742765    742765     33.4431    0.5194  -18.1931   15.2500    0.5193     4263.49      4550      4410      4409
   P803071    803071     35.0118    0.3860  -20.2418   14.7700    0.3858    10115.18      9891      9878      9933
   P828420    828420     34.9997    0.4316  -19.5397   15.4600    0.4315     5691.64      5745      5688      5714
   P879902    879902     34.1390    0.3417  -20.9090   13.2300    0.3416     7055.59      6855      6741      6879
   P891367    891367     35.4590    0.3368  -20.9790   14.4800    0.3366    10407.86     10644     10406     10570
   P906205    906205     34.3069    0.3779  -20.3669   13.9400    0.3777     5138.62      5265      5173      5222
   P913773    913773     33.0621    0.4849  -18.7221   14.3400    0.4848     3204.84      3394      3248      3344
   P922844    922844     34.8617    0.4022  -19.9917   14.8700    0.4021     9692.54      9607      9627      9617
   P926418    926418     34.4389    0.3008  -21.4489   12.9900    0.3006     7060.71      6793      6737      6836
   P941793    941793     35.1296    0.3660  -20.5496   14.5800    0.3659    10525.41     10553     10420     10523
   P943944    943944     33.9311    0.3847  -20.2611   13.6700    0.3846     4762.44      5002      4861      4943
   P951794    951794     33.7702    0.3997  -20.0302   13.7400    0.3996     3043.31      3318      3145      3249
   P975198    975198     34.6719    0.3256  -21.1319   13.5400    0.3254     5413.62      5469      5496      5450
   P982735    982735     34.9537    0.4053  -19.9437   15.0100    0.4052     8353.00      8560      8323      8503
   P992009    992009     34.7427    0.2878  -21.6027   13.1400    0.2876     6851.79      6907      6873      6860
  P1015682   1015682     34.9786    0.3032  -21.4186   13.5600    0.3031     6623.98      6610      6608      6611
  P1016275   1016275     34.3643    0.4391  -19.4243   14.9400    0.4390     5135.29      5067      4925      5064
  P1053505   1053505     35.4035    0.3343  -21.0135   14.3900    0.3341    11865.07     12328     12322     12225
  P1058339   1058339     35.0423    0.3125  -21.3023   13.7400    0.3124     6973.05      6577      6674      6661
  P1058498   1058498     35.4629    0.3386  -20.9529   14.5100    0.3385     7738.18      8002      7842      7915
  P1059326   1059326     33.8055    0.4905  -18.6356   15.1700    0.4904     3000.12      3003      2926      2991
  P1063395   1063395     35.0907    0.3560  -20.7007   14.3900    0.3559     9038.64      9303      9036      9243
  P1103224   1103224     35.0168    0.3623  -20.6068   14.4100    0.3621     8597.55      8470      8521      8504
  P1106338   1106338     35.1441    0.3194  -21.2141   13.9300    0.3192     7904.36      8208      8187      8138
  P1116432   1116432     36.3469    0.2909  -21.5669   14.7800    0.2907    11354.63     11200     11166     11218
  P1129847   1129847     35.0711    0.3847  -20.2611   14.8100    0.3846     8683.89      8797      8829      8773
  P1181973   1181973     35.0088    0.3648  -20.5688   14.4400    0.3646     8525.74      8662      8681      8644
  P1195498   1195498     35.3940    0.4222  -19.6840   15.7100    0.4221     7530.52      7274      7274      7322
  P1218575   1218575     36.0542    0.3735  -20.4342   15.6200    0.3734    10492.08     10614     10629     10588
  P1238059   1238059     36.2966    0.3405  -20.9266   15.3700    0.3403    10218.18     10475     10486     10438
  P1238390   1238390     34.8092    0.5294  -18.0392   16.7700    0.5293     5107.02      5331      5148      5261
  P1240416   1240416     35.5692    0.3654  -20.5592   15.0100    0.3653     9195.18      9224      9252      9218
  P1278605   1278605     34.4830    0.4698  -18.9530   15.5300    0.4697     5465.23      5751      5581      5696
  P1280272   1280272     35.0981    0.4454  -19.3281   15.7700    0.4453     5498.98      5785      5615      5730
  P1291126   1291126     36.4506    0.2940  -21.5306   14.9200    0.2938    11982.74     12049     12009     12040
  P1310343   1310343     35.6945    0.2130  -22.3245   13.3700    0.2128     9842.18     10055     10081     10021
  P1337106   1337106     34.8047    0.5056  -18.4047   16.4000    0.5055     3912.26      3867      3831      3894
  P1340936   1340936     35.2464    0.3935  -20.1264   15.1200    0.3933     8412.43      8764      8653      8702
  P1372255   1372255     34.6645    0.4723  -18.9145   15.7500    0.4722     4030.50      4138      4175      4132
  P1372790   1372790     37.0521    0.2835  -21.6521   15.4000    0.2833    14174.54     14444     14521     14408
  P1382940   1382940     34.3270    0.5093  -18.3470   15.9800    0.5092     6553.97      6690      6712      6684
  P1393329   1393329     35.1080    0.3057  -21.3880   13.7200    0.3056     5359.64      5488      5465      5474
  P1417978   1417978     35.3924    0.4360  -19.4724   15.9200    0.4359     5345.09      5628      5496      5572
  P1469562   1469562     35.4052    0.3604  -20.6352   14.7700    0.3603     9908.07     10091     10173     10059
  P1473528   1473528     34.6338    0.4548  -19.1838   15.4500    0.4547     8598.28      8705      8635      8704
  P1476347   1476347     35.9132    0.4210  -19.7032   16.2100    0.4209    12909.80     13227     13211     13158
  P1490942   1490942     36.0745    0.2724  -21.7745   14.3000    0.2722    10893.55     10792     10754     10980
  P1500765   1500765     36.6146    0.3598  -20.6446   15.9700    0.3596    11673.60     12199     12247     12122
  P1508418   1508418     35.8267    0.4103  -19.8667   15.9600    0.4102     9380.25      9518      9509      9506
  P1511191   1511191     35.2600    0.3666  -20.5400   14.7200    0.3665     8560.42      8667      8597      8666
  P1531099   1531099     34.6525    0.4855  -18.7125   15.9400    0.4854     7070.17      7369      7331      7300
  P1546699   1546699     35.3394    0.4805  -18.7894   16.5500    0.4804     6423.44      6007      6165      6087
  P1565412   1565412     35.9144    0.4886  -18.6644   17.2500    0.4885     7881.94      8514      8209      8378
  P1598594   1598594     34.5659    0.2952  -21.5159   13.0500    0.2950     5243.50      5232      5225      5257
  P1605910   1605910     35.2639    0.5043  -18.4239   16.8400    0.5042     7185.73      7399      7563      7335
  P1627904   1627904     35.1407    0.3841  -20.2707   14.8700    0.3840     7582.07      8082      7967      7927
  P1632187   1632187     35.2715    0.5332  -17.9815   17.2900    0.5331     6672.76      6549      6687      6636
  P1634503   1634503     34.4872    0.5426  -17.8372   16.6500    0.5425     6628.66      6505      6642      6592
  P1636363   1636363     34.9723    0.5181  -18.2123   16.7600    0.5180     5874.45      5449      5441      5513
  P1645554   1645554     35.5336    0.4216  -19.6936   15.8400    0.4215     6981.22      7001      7217      7066
  P1647531   1647531     34.4522    0.4686  -18.9722   15.4800    0.4685     7113.21      7133      7349      7198
  P1652054   1652054     34.8262    0.4260  -19.6262   15.2000    0.4259     7044.24      6661      7168      6827
  P1662109   1662109     34.4489    0.4304  -19.5589   14.8900    0.4302     5490.38      5819      5728      5766
  P1662274   1662274     35.2292    0.3816  -20.3092   14.9200    0.3815     7999.80      8475      8292      8380
  P1669035   1669035     35.0318    0.3860  -20.2418   14.7900    0.3858     6857.67      7027      7004      7016
  P1669105   1669105     34.1058    0.5238  -18.1258   15.9800    0.5237     6986.35      7109      7155      7093
  P1669474   1669474     35.0907    0.3560  -20.7007   14.3900    0.3559     7009.79      6627      7133      6792
  P1671830   1671830     35.7436    0.4216  -19.6936   16.0500    0.4215     8567.10      8830      8639      8788
  P1673166   1673166     34.5547    0.4235  -19.6647   14.8900    0.4234     5439.02      5768      5677      5715
  P1673342   1673342     33.9124    0.5018  -18.4624   15.4500    0.5017     5263.76      5520      5442      5490
  P1682311   1682311     35.1935    0.5200  -18.1835   17.0100    0.5199     7333.95      7562      7672      7502
  P1696613   1696613     35.6092    0.4473  -19.2992   16.3100    0.4471     7056.11      7069      7214      7100
  P1701110   1701110     36.1369    0.3779  -20.3669   15.7700    0.3777     9850.81     10107      9961     10068
  P1706574   1706574     35.7937    0.3101  -21.3337   14.4600    0.3099     9573.33      9702      9631      9701
  P1721388   1721388     35.2930    0.4535  -19.2030   16.0900    0.4534     6563.40      5974      6030      6080
  P1724183   1724183     34.9462    0.5081  -18.3662   16.5800    0.5080     7165.63      6784      7150      6729
  P1758561   1758561     35.3250    0.4404  -19.4050   15.9200    0.4403     8919.79      8989      9082      9000
  P1766890   1766890     36.1750    0.5225  -18.1450   18.0300    0.5224     8112.53      8792      8495      8668
  P1778403   1778403     34.6276    0.3953  -20.0976   14.5300    0.3952     7873.62      8090      8123      8075
  P1778906   1778906     35.1928    0.4203  -19.7128   15.4800    0.4202     5962.43      6255      6249      6220
  P1787484   1787484     34.6134    0.5363  -17.9334   16.6800    0.5362     7705.03      7856      8190      8121
  P1789145   1789145     33.6452    0.4899  -18.6452   15.0000    0.4898     7421.88      7675      7683      7653
  P1795044   1795044     36.2493    0.4310  -19.5493   16.7000    0.4309     9967.00     10166      9980     10151
  P1798333   1798333     33.6401    0.4980  -18.5201   15.1200    0.4979     7343.23      7596      7604      7574
  P1804303   1804303     34.9872    0.4604  -19.0972   15.8900    0.4603     8807.42      8830      8958      8851
  P1809186   1809186     35.1956    0.3922  -20.1456   15.0500    0.3921     8846.83      8916      9009      8927
  P1810526   1810526     35.7237    0.3101  -21.3337   14.3900    0.3099     7972.46      8171      8209      8160
  P1823684   1823684     35.2194    0.4147  -19.7994   15.4200    0.4146     8590.36      8737      8780      8735
  P1831130   1831130     34.5218    0.4679  -18.9818   15.5400    0.4678     8388.60      8473      8559      8482
  P1835223   1835223     35.1896    0.4479  -19.2896   15.9000    0.4478     8092.62      8734      8484      8600
  P1836988   1836988     35.1271    0.4930  -18.5971   16.5300    0.4929     7388.85      7726      7856      7763
  P1897176   1897176     34.5527    0.4366  -19.4627   15.0900    0.4365     6080.69      6358      6409      6334
  P1904688   1904688     35.7110    0.4010  -20.0110   15.7000    0.4008    10789.62     11202     11109     11119
  P1923117   1923117     35.2428    0.4203  -19.7128   15.5300    0.4202     7114.80      6671      7098      6797
  P1960307   1960307     34.7289    0.5125  -18.2989   16.4300    0.5124     6491.68      6048      6035      6135
  P1973976   1973976     35.1208    0.5156  -18.2508   16.8700    0.5155     9284.78      9755      9492      9679
  P1980913   1980913     36.1517    0.2631  -21.8717   14.2800    0.2629    12497.67     12497     12615     12524
  P2014914   2014914     35.2252    0.4899  -18.6452   16.5800    0.4898     6997.21      7379      7410      7327
  P2027564   2027564     34.3691    0.4635  -19.0491   15.3200    0.4634     5067.68      5553      5273      5461
  P2028720   2028720     35.7921    0.4028  -19.9821   15.8100    0.4027    11288.19     11784     11541     11693
  P2029316   2029316     34.4111    0.4504  -19.2511   15.1600    0.4503     5001.33      5046      4566      5074
  P2033243   2033243     35.8611    0.3685  -20.5111   15.3500    0.3684    10369.29     10749     10527     10686
  P2041781   2041781     35.3335    0.3343  -21.0135   14.3200    0.3341     9324.45      9415      9263      9431
  P2045810   2045810     36.1760    0.3523  -20.7560   15.4200    0.3522    11254.79     11915     11705     11776
  P2047957   2047957     34.4218    0.4679  -18.9818   15.4400    0.4678     6029.79      6362      6324      6314
  P2050148   2050148     34.9991    0.5457  -17.7891   17.2100    0.5457     4647.87      4601      4431      4706
  P2054736   2054736     35.7417    0.4185  -19.7417   16.0000    0.4184     6255.82      6675      6600      6604
  P2056688   2056688     34.0603    0.4654  -19.0203   15.0400    0.4653     5674.40      5822      5851      5818
  P2057095   2057095     35.0621    0.3337  -21.0221   14.0400    0.3335     6791.12      7301      7224      7219
  P2061156   2061156     35.5533    0.4047  -19.9533   15.6000    0.4046    10542.63     10774     10687     10738
  P2062277   2062277     35.3943    0.5049  -18.4143   16.9800    0.5048     6033.48      6366      6328      6318
  P2069008   2069008     35.0664    0.3935  -20.1264   14.9400    0.3933     9467.79      9560      9471      9574
  P2070661   2070661     35.9956    0.3455  -20.8556   15.1400    0.3453    13007.52     13414     13086     13368
  P2071747   2071747     35.0443    0.4391  -19.4243   15.6200    0.4390     5059.90      4921      4467      5033
  P2074388   2074388     34.6682    0.4949  -18.5682   16.1000    0.4948     5421.43      5637      5649      5613
  P2074451   2074451     35.3025    0.4035  -19.9725   15.3300    0.4033     8981.39      9071      8979      9087
  P2111203   2111203     34.9825    0.3156  -21.2625   13.7200    0.3155     5965.03      6516      6511      6436
  P2142467   2142467     35.5863    0.4097  -19.8763   15.7100    0.4096     8424.64      8700      8597      8654
  P2144996   2144996     35.1897    0.5137  -18.2797   16.9100    0.5136     6886.95      6782      6761      6818
  P2164732   2164732     35.3232    0.4210  -19.7032   15.6200    0.4209     6486.01      6497      6426      6512
  P2167999   2167999     34.8745    0.2724  -21.7745   13.1000    0.2722     5854.23      6005      6171      5999
  P2171051   2171051     33.1197    0.5137  -18.2797   14.8400    0.5136     4927.80      4517      4302      4648
  P2188844   2188844     35.1778    0.4285  -19.5878   15.5900    0.4284     5171.83      5140      5133      5164
  P2194278   2194278     34.1426    0.5351  -17.9526   16.1900    0.5350     5900.73      5918      5867      5939
  P2202343   2202343     34.7169    0.4598  -19.1069   15.6100    0.4597     5295.57      5236      5265      5270
  P2205911   2205911     33.6532    0.5031  -18.4432   15.2100    0.5030     5594.94      5587      5566      5616
  P2207978   2207978     34.4238    0.5370  -17.9238   16.5000    0.5369     5632.73      5625      5604      5654
  P2296364   2296364     34.1825    0.4035  -19.9725   14.2100    0.4033     4943.15      5256      5149      5213
  P2351948   2351948     34.4049    0.3349  -21.0049   13.4000    0.3347     6244.15      6587      6517      6545
  P2405029   2405029     35.4740    0.2859  -21.6240   13.8500    0.2858     9198.98      9351      9436      9359
  P2410161   2410161     35.6884    0.2515  -21.9884   13.7000    0.2513     9006.43      9292      9313      9274
  P2412511   2412511     34.4607    0.3560  -20.7007   13.7600    0.3559     5645.04      6028      6065      5988
  P2491615   2491615     34.3376    0.3536  -20.7376   13.6000    0.3534     4587.24      4784      4586      4784
  P2527802   2527802     34.6384    0.3175  -21.2384   13.4000    0.3173     5592.32      5975      5971      5937
  P2588034   2588034     35.3811    0.2964  -21.5011   13.8800    0.2963     7407.65      7620      7675      7613
  P2681954   2681954     33.8337    0.3891  -20.1937   13.6400    0.3890     3267.99      3648      3619      3609
  P2690708   2690708     35.2372    0.4604  -19.0972   16.1400    0.4603     7312.99      7388      7394      7407
  P2719024   2719024     34.2240    0.3592  -20.6540   13.5700    0.3590     5041.59      5522      5443      5454
  P2737495   2737495     34.2927    0.3579  -20.6727   13.6200    0.3578     3994.94      3945      3978      4001
  P2766176   2766176     35.5237    0.2971  -21.4937   14.0300    0.2969     9616.44      9851      9947      9846
  P2816251   2816251     33.1230    0.4535  -19.2030   13.9200    0.4534     5223.82      5840      5605      5738
  P2817332   2817332     34.7714    0.3014  -21.4414   13.3300    0.3012     7052.43      7504      7519      7449
  P3088989   3088989     33.7730    0.4698  -18.9530   14.8200    0.4697     7239.33      7190      7611      7280
  P3089049   3089049     35.9196    0.3660  -20.5496   15.3700    0.3659    10556.79     10693     10706     10693
  P3090945   3090945     33.9346    0.4560  -19.1646   14.7700    0.4559     8123.22      8402      8249      8356
  P3098036   3098036     34.7133    0.4867  -18.6933   16.0200    0.4866     7070.75      7116      6989      7123
  P3636991   3636991     34.6527    0.3579  -20.6727   13.9800    0.3578     7129.12      7146      7192      7163
  P3638733   3638733     35.9307    0.3330  -21.0307   14.9000    0.3329     9863.83     10247     10166     10188
  P3640762   3640762     34.9404    0.4491  -19.2704   15.6700    0.4490     4797.21      4784      4309      4853
  P3644652   3644652     35.1946    0.3598  -20.6446   14.5500    0.3596     7442.63      7606      7548      7583
  P3645743   3645743     35.6346    0.3598  -20.6446   14.9900    0.3596     7784.97      7978      7867      7953
  P3646720   3646720     34.5596    0.3660  -20.5496   14.0100    0.3659     7454.65      7614      7542      7593
  P4353581   4353581     35.6074    0.5100  -18.3374   17.2700    0.5099     7813.78      8472      8193      8356
  P4363239   4363239     35.5355    0.4905  -18.6356   16.9000    0.4904     7246.21      7329      7519      7346
  P4666998   4666998     36.4874    0.3629  -20.5974   15.8900    0.3628    11830.07     11908     11887     11895
  P5057394   5057394     34.3433    0.5527  -17.6833   16.6600    0.5526     7622.99      7927      7894      7890
  P5059226   5059226     35.7244    0.4886  -18.6644   17.0600    0.4885     6552.83      5948      5972      6051
  P5059675   5059675     34.4932    0.4210  -19.7032   14.7900    0.4209     7358.10      7414      7361      7424
  P5060021   5060021     34.8370    0.5093  -18.3470   16.4900    0.5092     5454.85      5787      5686      5740
  P5060066   5060066     34.4148    0.4893  -18.6548   15.7600    0.4891     5225.15      5480      5352      5428
  P5807719   5807719     35.2775    0.4936  -18.5875   16.6900    0.4935     6922.26      6966      6911      6974
  P5807966   5807966     35.5710    0.4830  -18.7510   16.8200    0.4829     7357.64      7695      7693      7598
  P5808041   5808041     35.3780    0.5439  -17.8180   17.5600    0.5438     6260.45      5818      5804      5904
  P6724508   6724508     33.3381    0.5112  -18.3181   15.0200    0.5111     4685.48      4536      4271      4639
